,0,1,2,3,4,5,6,7
0,0.00247795759570591,1.047666023882017,0.016073663616269565,18309.385684946537,0.00018408952001881048,0.008658396891586918,0.00013284019517578155,151.3138681770656
1,0.011559333140313316,3.8183530291898315,0.058582526072519674,66730.92157383429,0.0003513610990527941,0.008658396891586918,0.00013284019517578155,151.3138681770656
2,0.02777245861230444,8.32071941281503,0.12765942756392612,145415.91747287932,0.0005186657465836341,0.008658396891586918,0.00013284019517578155,151.3138681770656
3,0.04971178034169821,14.55476517475761,0.22330436809048881,254364.3733449179,0.0006859752474273015,0.008658396891586918,0.00013284019517578155,151.3138681770656
4,0.0756277410642886,22.52049031501757,0.3455173476522078,393576.28918480716,0.000853285988553332,0.008658396891586918,0.00013284019517578155,151.3138681770656
5,0.10408346587095688,32.21789483359492,0.49429836624908313,563051.6649912188,0.0010205971404317383,0.008658396891586918,0.00013284019517578155,151.3138681770656
6,0.13407085199779498,43.64697873048965,0.6696474238811148,762790.5007636864,0.00118790844805202,0.008658396891586918,0.00013284019517578155,151.3138681770656
7,0.16493372379293522,56.80774200570175,0.8715645205483025,992792.7965020112,0.0013552198181348972,0.008658396891586918,0.00013284019517578155,151.3138681770656
8,0.19626138291878042,71.70018465923125,1.100049656250647,1253058.5522060983,0.0015225312125955069,0.008658396891586918,0.00013284019517578155,151.3138681770656
9,0.22780271658628815,88.32430669107815,1.3551028309881474,1543587.7678758963,0.001689842614801434,0.008658396891586918,0.00013284019517578155,151.3138681770656
10,0.25940703251190905,106.68010810124242,1.6367240447608047,1864380.4435113762,0.0018571540172554262,0.008658396891586918,0.00013284019517578155,151.3138681770656
11,0.2909858856320658,126.7675888897241,1.944913297568618,2215436.5791125214,0.002024465416608022,0.008658396891586918,0.00013284019517578155,151.3138681770656
12,0.3224891419298131,148.58674905652313,2.279670589411588,2596756.174679319,0.0021917768114748533,0.008658396891586918,0.00013284019517578155,151.3138681770656
13,0.35389013770872585,172.1375886016396,2.6409959202897144,3008339.230211763,0.0023590882014235593,0.008658396891586918,0.00013284019517578155,151.3138681770656
14,0.004543774142178917,0.008658396891586918,0.00013284019517578155,151.3138681770656,0.008294214910797014,1.047666023882017,0.016073663616269565,18309.385684946537
15,0.07090740144949459,3.8183530291898315,0.058582526072519674,66730.92157383429,0.04394922713992457,1.047666023882017,0.016073663616269565,18309.385684946537
16,0.15014132272566957,8.32071941281503,0.12765942756392612,145415.91747287932,0.06360958429133731,1.047666023882017,0.016073663616269565,18309.385684946537
17,0.2696683397302646,14.55476517475761,0.22330436809048881,254364.3733449179,0.08355298046864368,1.047666023882017,0.016073663616269565,18309.385684946537
18,0.43568365973056133,22.52049031501757,0.3455173476522078,393576.28918480716,0.10362529742170845,1.047666023882017,0.016073663616269565,18309.385684946537
19,0.6537404544744075,32.21789483359492,0.49429836624908313,563051.6649912188,0.12376356553427376,1.047666023882017,0.016073663616269565,18309.385684946537
20,0.9288161605052025,43.64697873048965,0.6696474238811148,762790.5007636864,0.14393863879329047,1.047666023882017,0.016073663616269565,18309.385684946537
21,1.2653566118882953,56.80774200570175,0.8715645205483025,992792.7965020112,0.16413567896900944,1.047666023882017,0.016073663616269565,18309.385684946537
22,1.6673087627751682,71.70018465923125,1.100049656250647,1253058.5522060983,0.18434654738591072,1.047666023882017,0.016073663616269565,18309.385684946537
23,2.13814737305007,88.32430669107815,1.3551028309881474,1543587.7678758963,0.2045665051963831,1.047666023882017,0.016073663616269565,18309.385684946537
24,2.680898525373798,106.68010810124242,1.6367240447608047,1864380.4435113762,0.22479265488106406,1.047666023882017,0.016073663616269565,18309.385684946537
25,3.2981615598845684,126.7675888897241,1.944913297568618,2215436.5791125214,0.2450231511450367,1.047666023882017,0.016073663616269565,18309.385684946537
26,3.99213030849675,148.58674905652313,2.279670589411588,2596756.174679319,0.2652567776427507,1.047666023882017,0.016073663616269565,18309.385684946537
27,4.764614103198918,172.1375886016396,2.6409959202897144,3008339.230211763,0.2854927086197218,1.047666023882017,0.016073663616269565,18309.385684946537
28,0.028184271131664478,0.008658396891586918,0.00013284019517578155,151.3138681770656,0.05226071319718372,3.8183530291898315,0.058582526072519674,66730.92157383429
29,0.08123450515849015,1.047666023882017,0.016073663616269565,18309.385684946537,0.10999905955781494,3.8183530291898315,0.058582526072519674,66730.92157383429
30,0.31558418175471825,8.32071941281503,0.12765942756392612,145415.91747287932,0.24207957806326336,3.8183530291898315,0.058582526072519674,66730.92157383429
31,0.5139544614163799,14.55476517475761,0.22330436809048881,254364.3733449179,0.31223364719580454,3.8183530291898315,0.058582526072519674,66730.92157383429
32,0.7767572788681688,22.52049031501757,0.3455173476522078,393576.28918480716,0.38361724845090495,3.8183530291898315,0.058582526072519674,66730.92157383429
33,1.1110849891802579,32.21789483359492,0.49429836624908313,563051.6649912188,0.4557465587867819,3.8183530291898315,0.058582526072519674,66730.92157383429
34,1.5236042336112823,43.64697873048965,0.6696474238811148,762790.5007636864,0.528349803610043,3.8183530291898315,0.058582526072519674,66730.92157383429
35,2.0205991784375192,56.80774200570175,0.8715645205483025,992792.7965020112,0.60126648154966,3.8183530291898315,0.058582526072519674,66730.92157383429
36,2.6080027120270524,71.70018465923125,1.100049656250647,1253058.5522060983,0.6743975870423853,3.8183530291898315,0.058582526072519674,66730.92157383429
37,3.2914198084823836,88.32430669107815,1.3551028309881474,1543587.7678758963,0.7476797060018517,3.8183530291898315,0.058582526072519674,66730.92157383429
38,4.076145620286225,106.68010810124242,1.6367240447608047,1864380.4435113762,0.8210708749929371,3.8183530291898315,0.058582526072519674,66730.92157383429
39,4.96717993356154,126.7675888897241,1.944913297568618,2215436.5791125214,0.8945425256166006,3.8183530291898315,0.058582526072519674,66730.92157383429
40,5.969239066600671,148.58674905652313,2.279670589411588,2596756.174679319,0.9680747188331665,3.8183530291898315,0.058582526072519674,66730.92157383429
41,7.086765948241139,172.1375886016396,2.6409959202897144,3008339.230211763,1.0416532297308332,3.8183530291898315,0.058582526072519674,66730.92157383429
42,0.08694038033692786,0.008658396891586918,0.00013284019517578155,151.3138681770656,0.16032440594690103,8.32071941281503,0.12765942756392612,145415.91747287932
43,0.1876836336435848,1.047666023882017,0.016073663616269565,18309.385684946537,0.28568251315453247,8.32071941281503,0.12765942756392612,145415.91747287932
44,0.34222898446175115,3.8183530291898315,0.058582526072519674,66730.92157383429,0.4183909539675123,8.32071941281503,0.12765942756392612,145415.91747287932
45,0.8495685778996893,14.55476517475761,0.22330436809048881,254364.3733449179,0.7071969293631262,8.32071941281503,0.12765942756392612,145415.91747287932
46,1.2193786644316897,22.52049031501757,0.3455173476522078,393576.28918480716,0.8582092489175184,8.32071941281503,0.12765942756392612,145415.91747287932
47,1.6772096886349297,32.21789483359492,0.49429836624908313,563051.6649912188,1.0117570378900769,8.32071941281503,0.12765942756392612,145415.91747287932
48,2.230535899714053,43.64697873048965,0.6696474238811148,762790.5007636864,1.1670634056856284,8.32071941281503,0.12765942756392612,145415.91747287932
49,2.88650428021978,56.80774200570175,0.8715645205483025,992792.7965020112,1.3236198607061642,8.32071941281503,0.12765942756392612,145415.91747287932
50,3.6519640769782677,71.70018465923125,1.100049656250647,1253058.5522060983,1.4810848975150452,8.32071941281503,0.12765942756392612,145415.91747287932
51,4.533489649464448,88.32430669107815,1.3551028309881474,1543587.7678758963,1.6392235923506933,8.32071941281503,0.12765942756392612,145415.91747287932
52,5.537398523387517,106.68010810124242,1.6367240447608047,1864380.4435113762,1.7978707566026708,8.32071941281503,0.12765942756392612,145415.91747287932
53,6.669765923230564,126.7675888897241,1.944913297568618,2215436.5791125214,1.9569079001400858,8.32071941281503,0.12765942756392612,145415.91747287932
54,7.936436669206072,148.58674905652313,2.279670589411588,2596756.174679319,2.1162484816645266,8.32071941281503,0.12765942756392612,145415.91747287932
55,9.343035069988392,172.1375886016396,2.6409959202897144,3008339.230211763,2.275828251136488,8.32071941281503,0.12765942756392612,145415.91747287932
56,0.19681210449720624,0.008658396891586918,0.00013284019517578155,151.3138681770656,0.35896059469994257,14.55476517475761,0.22330436809048881,254364.3733449179
57,0.3603923508325516,1.047666023882017,0.016073663616269565,18309.385684946537,0.5832513347023915,14.55476517475761,0.22330436809048881,254364.3733449179
58,0.5916837633407454,3.8183530291898315,0.058582526072519674,66730.92157383429,0.8075456446873119,14.55476517475761,0.22330436809048881,254364.3733449179
59,0.9003172806156395,8.32071941281503,0.12765942756392612,145415.91747287932,1.0462576530081236,14.55476517475761,0.22330436809048881,254364.3733449179
60,1.7856446997512687,22.52049031501757,0.3455173476522078,393576.28918480716,1.5520576484436566,14.55476517475761,0.22330436809048881,254364.3733449179
61,2.3793351194653805,32.21789483359492,0.49429836624908313,563051.6649912188,1.8141542909496462,14.55476517475761,0.22330436809048881,254364.3733449179
62,3.0844645594365483,43.64697873048965,0.6696474238811148,762790.5007636864,2.080272121901025,14.55476517475761,0.22330436809048881,254364.3733449179
63,3.9087227592640468,56.80774200570175,0.8715645205483025,992792.7965020112,2.349404419878741,14.55476517475761,0.22330436809048881,254364.3733449179
64,4.85953192290344,71.70018465923125,1.100049656250647,1253058.5522060983,2.6208304922911054,14.55476517475761,0.22330436809048881,254364.3733449179
65,5.944067929485038,88.32430669107815,1.3551028309881474,1543587.7678758963,2.894026503513856,14.55476517475761,0.22330436809048881,254364.3733449179
66,7.169277515780328,106.68010810124242,1.6367240447608047,1864380.4435113762,3.16860603303792,14.55476517475761,0.22330436809048881,254364.3733449179
67,8.541892390656992,126.7675888897241,1.944913297568618,2215436.5791125214,3.4442800015619657,14.55476517475761,0.22330436809048881,254364.3733449179
68,10.068440974096262,148.58674905652313,2.279670589411588,2596756.174679319,3.72082928723552,14.55476517475761,0.22330436809048881,254364.3733449179
69,11.755258270764898,172.1375886016396,2.6409959202897144,3008339.230211763,3.9980857472651516,14.55476517475761,0.22330436809048881,254364.3733449179
70,0.3737994442126085,0.008658396891586918,0.00013284019517578155,151.3138681770656,0.6728747392504726,22.52049031501757,0.3455173476522078,393576.28918480716
71,0.6153675321746205,1.047666023882017,0.016073663616269565,18309.385684946537,1.0337744115125984,22.52049031501757,0.3455173476522078,393576.28918480716
72,0.9385048911704706,3.8183530291898315,0.058582526072519674,66730.92157383429,1.3726749648038676,22.52049031501757,0.3455173476522078,393576.28918480716
73,1.35302029069859,8.32071941281503,0.12765942756392612,145415.91747287932,1.7315975691101515,22.52049031501757,0.3455173476522078,393576.28918480716
74,1.8682760475932119,14.55476517475761,0.22330436809048881,254364.3733449179,2.106363619115677,22.52049031501757,0.3455173476522078,393576.28918480716
75,3.23658841838973,32.21789483359492,0.49429836624908313,563051.6649912188,2.8894305897319312,22.52049031501757,0.3455173476522078,393576.28918480716
76,4.106632540318665,43.64697873048965,0.6696474238811148,762790.5007636864,3.2927923743027017,22.52049031501757,0.3455173476522078,393576.28918480716
77,5.111458267643663,56.80774200570175,0.8715645205483025,992792.7965020112,3.7017606603366824,22.52049031501757,0.3455173476522078,393576.28918480716
78,6.258894488681548,71.70018465923125,1.100049656250647,1253058.5522060983,4.115150105918191,22.52049031501757,0.3455173476522078,393576.28918480716
79,7.556543348786016,88.32430669107815,1.3551028309881474,1543587.7678758963,4.532060814358598,22.52049031501757,0.3455173476522078,393576.28918480716
80,9.01179615262389,106.68010810124242,1.6367240447608047,1864380.4435113762,4.951802866924031,22.52049031501757,0.3455173476522078,393576.28918480716
81,10.631846665582518,126.7675888897241,1.944913297568618,2215436.5791125214,5.37384210344511,22.52049031501757,0.3455173476522078,393576.28918480716
82,12.423702351549103,148.58674905652313,2.279670589411588,2596756.174679319,5.797760977831851,22.52049031501757,0.3455173476522078,393576.28918480716
83,14.394193953157183,172.1375886016396,2.6409959202897144,3008339.230211763,6.22323008556518,22.52049031501757,0.3455173476522078,393576.28918480716
84,0.6339023996911602,0.008658396891586918,0.00013284019517578155,151.3138681770656,1.1251479104185327,32.21789483359492,0.49429836624908313,563051.6649912188
85,0.9686116970599156,1.047666023882017,0.016073663616269565,18309.385684946537,1.6681364078728445,32.21789483359492,0.49429836624908313,563051.6649912188
86,1.3987208230109456,3.8183530291898315,0.058582526072519674,66730.92157383429,2.144997613384124,32.21789483359492,0.49429836624908313,563051.6649912188
87,1.9341652309464499,8.32071941281503,0.12765942756392612,145415.91747287932,2.646999057626415,32.21789483359492,0.49429836624908313,563051.6649912188
88,2.5844860573240407,14.55476517475761,0.22330436809048881,254364.3733449179,3.1705690857441597,32.21789483359492,0.49429836624908313,563051.6649912188
89,3.3588797708983638,22.52049031501757,0.3455173476522078,393576.28918480716,3.7114793181248675,32.21789483359492,0.49429836624908313,563051.6649912188
90,5.315174019857771,43.64697873048965,0.6696474238811148,762790.5007636864,4.832087437427987,32.21789483359492,0.49429836624908313,563051.6649912188
91,6.514057138682143,56.80774200570175,0.8715645205483025,992792.7965020112,5.406876200496529,32.21789483359492,0.49429836624908313,563051.6649912188
92,7.871024268462477,71.70018465923125,1.100049656250647,1253058.5522060983,5.988917080390015,32.21789483359492,0.49429836624908313,563051.6649912188
93,9.394001780333024,88.32430669107815,1.3551028309881474,1543587.7678758963,6.5768838935005896,32.21789483359492,0.49429836624908313,563051.6649912188
94,11.09071911709043,106.68010810124242,1.6367240447608047,1864380.4435113762,7.169727262226382,32.21789483359492,0.49429836624908313,563051.6649912188
95,12.968721132561672,126.7675888897241,1.944913297568618,2215436.5791125214,7.76661124262181,32.21789483359492,0.49429836624908313,563051.6649912188
96,15.035378658886541,148.58674905652313,2.279670589411588,2596756.174679319,8.366865304008286,32.21789483359492,0.49429836624908313,563051.6649912188
97,17.297897624870195,172.1375886016396,2.6409959202897144,3008339.230211763,8.969947894209856,32.21789483359492,0.49429836624908313,563051.6649912188
98,0.9931209710240638,0.008658396891586918,0.00013284019517578155,151.3138681770656,1.7373681350290182,43.64697873048965,0.6696474238811148,762790.5007636864
99,1.4361259883909177,1.047666023882017,0.016073663616269565,18309.385684946537,2.517025627183623,43.64697873048965,0.6696474238811148,762790.5007636864
100,1.988344798567589,3.8183530291898315,0.058582526072519674,66730.92157383429,3.1556903646972305,43.64697873048965,0.6696474238811148,762790.5007636864
101,2.6598077745604214,8.32071941281503,0.12765942756392612,145415.91747287932,3.8236562559016343,43.64697873048965,0.6696474238811148,762790.5007636864
102,3.460192235757151,14.55476517475761,0.22330436809048881,254364.3733449179,4.518970067531743,43.64697873048965,0.6696474238811148,762790.5007636864
103,4.398862532532326,22.52049031501757,0.3455173476522078,393576.28918480716,5.237211823315082,43.64697873048965,0.6696474238811148,762790.5007636864
104,5.484902322394936,32.21789483359492,0.49429836624908313,563051.6649912188,5.974376927828456,43.64697873048965,0.6696474238811148,762790.5007636864
105,8.134175306329139,56.80774200570175,0.8715645205483025,992792.7965020112,7.4928008064571845,43.64697873048965,0.6696474238811148,762790.5007636864
106,9.714388099649632,71.70018465923125,1.100049656250647,1253058.5522060983,8.269169060061916,43.64697873048965,0.6696474238811148,762790.5007636864
107,11.47596335704043,88.32430669107815,1.3551028309881474,1543587.7678758963,9.054474146324193,43.64697873048965,0.6696474238811148,762790.5007636864
108,13.426899619109516,106.68010810124242,1.6367240447608047,1864380.4435113762,9.84727673416624,43.64697873048965,0.6696474238811148,762790.5007636864
109,15.575021303261135,126.7675888897241,1.944913297568618,2215436.5791125214,10.646402394752336,43.64697873048965,0.6696474238811148,762790.5007636864
110,17.927988546102245,148.58674905652313,2.279670589411588,2596756.174679319,11.450888218416575,43.64697873048965,0.6696474238811148,762790.5007636864
111,20.493305785916004,172.1375886016396,2.6409959202897144,3008339.230211763,12.259940725988443,43.64697873048965,0.6696474238811148,762790.5007636864
112,1.4674551582576152,0.008658396891586918,0.00013284019517578155,151.3138681770656,2.529749199987206,56.80774200570175,0.8715645205483025,992792.7965020112
113,2.0339109999971994,1.047666023882017,0.016073663616269565,18309.385684946537,3.6109317548195574,56.80774200570175,0.8715645205483025,992792.7965020112
114,2.723383824268672,3.8183530291898315,0.058582526072519674,66730.92157383429,4.435850579058385,56.80774200570175,0.8715645205483025,992792.7965020112
115,3.545977813622827,8.32071941281503,0.12765942756392612,145415.91747287932,5.292795180065712,56.80774200570175,0.8715645205483025,992792.7965020112
116,4.511477564232641,14.55476517475761,0.22330436809048881,254364.3733449179,6.18269981491378,56.80774200570175,0.8715645205483025,992792.7965020112
117,5.6293811071565605,22.52049031501757,0.3455173476522078,393576.28918480716,7.101312437441898,56.80774200570175,0.8715645205483025,992792.7965020112
118,6.908927077454343,32.21789483359492,0.49429836624908313,563051.6649912188,8.044288215436397,56.80774200570175,0.8715645205483025,992792.7965020112
119,8.359117344928396,43.64697873048965,0.6696474238811148,762790.5007636864,9.007829255292851,56.80774200570175,0.8715645205483025,992792.7965020112
120,11.806365891149715,71.70018465923125,1.100049656250647,1253058.5522060983,10.984343691227393,56.80774200570175,0.8715645205483025,992792.7965020112
121,13.820401824515551,88.32430669107815,1.3551028309881474,1543587.7678758963,11.992438840965477,56.80774200570175,0.8715645205483025,992792.7965020112
122,16.03906323776074,106.68010810124242,1.6367240447608047,1864380.4435113762,13.011182271649032,56.80774200570175,0.8715645205483025,992792.7965020112
123,18.4704042855599,126.7675888897241,1.944913297568618,2215436.5791125214,14.039042097204714,56.80774200570175,0.8715645205483025,992792.7965020112
124,21.12232303173595,148.58674905652313,2.279670589411588,2596756.174679319,15.0747384314245,56.80774200570175,0.8715645205483025,992792.7965020112
125,24.002569477861513,172.1375886016396,2.6409959202897144,3008339.230211763,16.117198096710347,56.80774200570175,0.8715645205483025,992792.7965020112
126,2.07290496141778,0.008658396891586918,0.00013284019517578155,151.3138681770656,3.5212382900707206,71.70018465923125,1.100049656250647,1253058.5522060983
127,2.7779670711027977,1.047666023882017,0.016073663616269565,18309.385684946537,4.980146107401261,71.70018465923125,1.100049656250647,1253058.5522060983
128,3.6198419586800052,3.8183530291898315,0.058582526072519674,66730.92157383429,6.016481922971977,71.70018465923125,1.100049656250647,1253058.5522060983
129,4.6086928619235,8.32071941281503,0.12765942756392612,145415.91747287932,7.085622180718364,71.70018465923125,1.100049656250647,1253058.5522060983
130,5.7543911185732,14.55476517475761,0.22330436809048881,254364.3733449179,8.192967386390212,71.70018465923125,1.100049656250647,1253058.5522060983
131,7.06654382990889,22.52049031501757,0.3455173476522078,393576.28918480716,9.334848186831778,71.70018465923125,1.100049656250647,1253058.5522060983
132,8.554517026791581,32.21789483359492,0.49429836624908313,563051.6649912188,10.506768621369128,71.70018465923125,1.100049656250647,1253058.5522060983
133,10.227455269284091,43.64697873048965,0.6696474238811148,762790.5007636864,11.704565662339533,71.70018465923125,1.100049656250647,1253058.5522060983
134,12.094298379849711,56.80774200570175,0.8715645205483025,992792.7965020112,12.92460938233459,71.70018465923125,1.100049656250647,1253058.5522060983
135,16.444519301440597,88.32430669107815,1.3551028309881474,1543587.7678758963,15.4194892645531,71.70018465923125,1.100049656250647,1253058.5522060983
136,18.9448734294908,106.68010810124242,1.6367240447608047,1864380.4435113762,16.689455687792115,71.70018465923125,1.100049656250647,1253058.5522060983
137,21.673105518452367,126.7675888897241,1.944913297568618,2215436.5791125214,17.97180089751187,71.70018465923125,1.100049656250647,1253058.5522060983
138,24.637313906729524,148.58674905652313,2.279670589411588,2596756.174679319,19.26491605815953,71.70018465923125,1.100049656250647,1253058.5522060983
139,27.8454554689264,172.1375886016396,2.6409959202897144,3008339.230211763,20.567431502814976,71.70018465923125,1.100049656250647,1253058.5522060983
140,2.825470380520269,0.008658396891586918,0.00013284019517578155,151.3138681770656,4.729613664883487,88.32430669107815,1.3551028309881474,1543587.7678758963
141,3.6842944096007724,1.047666023882017,0.016073663616269565,18309.385684946537,6.6547626810539855,88.32430669107815,1.3551028309881474,1543587.7678758963
142,4.693721716506213,3.8183530291898315,0.058582526072519674,66730.92157383429,7.928488333633076,88.32430669107815,1.3551028309881474,1543587.7678758963
143,5.863963871313987,8.32071941281503,0.12765942756392612,145415.91747287932,9.233299893232601,88.32430669107815,1.3551028309881474,1543587.7678758963
144,7.204963825714885,14.55476517475761,0.22330436809048881,254364.3733449179,10.581001349309465,88.32430669107815,1.3551028309881474,1543587.7678758963
145,8.726419419407781,22.52049031501757,0.3455173476522078,393576.28918480716,11.968988433138568,88.32430669107815,1.3551028309881474,1543587.7678758963
146,10.437803356174868,32.21789483359492,0.49429836624908313,563051.6649912188,13.392822471754805,88.32430669107815,1.3551028309881474,1543587.7678758963
147,12.348380327826808,43.64697873048965,0.6696474238811148,762790.5007636864,14.84809301222472,88.32430669107815,1.3551028309881474,1543587.7678758963
148,14.467221807366833,56.80774200570175,0.8715645205483025,992792.7965020112,16.33081403208137,88.32430669107815,1.3551028309881474,1543587.7678758963
149,16.803218917859496,71.70018465923125,1.100049656250647,1253058.5522060983,17.837490526173124,88.32430669107815,1.3551028309881474,1543587.7678758963
150,22.161409020352014,106.68010810124242,1.6367240447608047,1864380.4435113762,20.911010792146488,88.32430669107815,1.3551028309881474,1543587.7678758963
151,25.200577370015388,126.7675888897241,1.944913297568618,2215436.5791125214,22.47299095776198,88.32430669107815,1.3551028309881474,1543587.7678758963
152,28.49086865045849,148.58674905652313,2.279670589411588,2596756.174679319,24.049094467065984,88.32430669107815,1.3551028309881474,1543587.7678758963
153,32.040417156447226,172.1375886016396,2.6409959202897144,3008339.230211763,25.637647589360775,88.32430669107815,1.3551028309881474,1543587.7678758963
154,3.7411514155752386,0.008658396891586918,0.00013284019517578155,151.3138681770656,6.171573434020361,106.68010810124242,1.6367240447608047,1864380.4435113762
155,4.768893150013133,1.047666023882017,0.016073663616269565,18309.385684946537,8.664679493943748,106.68010810124242,1.6367240447608047,1864380.4435113762
156,5.961024739426062,3.8183530291898315,0.058582526072519674,66730.92157383429,10.20267132518205,106.68010810124242,1.6367240447608047,1864380.4435113762
157,7.327798045885704,8.32071941281503,0.12765942756392612,145415.91747287932,11.766935130093925,106.68010810124242,1.6367240447608047,1864380.4435113762
158,8.879216161989122,14.55476517475761,0.22330436809048881,254364.3733449179,13.37801991919957,106.68010810124242,1.6367240447608047,1864380.4435113762
159,10.625053628433946,22.52049031501757,0.3455173476522078,393576.28918480716,15.034948933791954,106.68010810124242,1.6367240447608047,1864380.4435113762
160,12.574873830091168,32.21789483359492,0.49429836624908313,563051.6649912188,16.733572249990882,106.68010810124242,1.6367240447608047,1864380.4435113762
161,14.738044076196937,43.64697873048965,0.6696474238811148,762790.5007636864,18.469358827662752,106.68010810124242,1.6367240447608047,1864380.4435113762
162,17.123748760816312,56.80774200570175,0.8715645205483025,992792.7965020112,20.238046952323568,106.68010810124242,1.6367240447608047,1864380.4435113762
163,19.74100091778225,71.70018465923125,1.100049656250647,1253058.5522060983,22.03580451917749,106.68010810124242,1.6367240447608047,1864380.4435113762
164,22.598652422068678,88.32430669107815,1.3551028309881474,1543587.7678758963,23.859245977022603,106.68010810124242,1.6367240447608047,1864380.4435113762
165,29.069808506686257,126.7675888897241,1.944913297568618,2215436.5791125214,27.57168159197521,106.68010810124242,1.6367240447608047,1864380.4435113762
166,32.700287733250676,148.58674905652313,2.279670589411588,2596756.174679319,29.455816706810285,106.68010810124242,1.6367240447608047,1864380.4435113762
167,36.60512931604735,172.1375886016396,2.6409959202897144,3008339.230211763,31.355830374561243,106.68010810124242,1.6367240447608047,1864380.4435113762
168,4.835948066589366,0.008658396891586918,0.00013284019517578155,151.3138681770656,7.862816362748149,126.7675888897241,1.944913297568618,2215436.5791125214
169,6.047763383240139,1.047666023882017,0.016073663616269565,18309.385684946537,11.039600046270838,126.7675888897241,1.944913297568618,2215436.5791125214
170,7.437752144911234,3.8183530291898315,0.058582526072519674,66730.92157383429,12.869728794543052,126.7675888897241,1.944913297568618,2215436.5791125214
171,9.01620032062813,8.32071941281503,0.12765942756392612,145415.91747287932,14.717572415278168,126.7675888897241,1.944913297568618,2215436.5791125214
172,10.793162232045175,14.55476517475761,0.22330436809048881,254364.3733449179,16.615214246854382,126.7675888897241,1.944913297568618,2215436.5791125214
173,12.77847812532009,22.52049031501757,0.3455173476522078,393576.28918480716,18.563959356734493,126.7675888897241,1.944913297568618,2215436.5791125214
174,14.981789452671881,32.21789483359492,0.49429836624908313,563051.6649912188,20.560205428897877,126.7675888897241,1.944913297568618,2215436.5791125214
175,17.41255224824811,43.64697873048965,0.6696474238811148,762790.5007636864,22.599437869697535,126.7675888897241,1.944913297568618,2215436.5791125214
176,20.080048904645377,56.80774200570175,0.8715645205483025,992792.7965020112,24.67720499369017,126.7675888897241,1.944913297568618,2215436.5791125214
177,22.993398596698093,71.70018465923125,1.100049656250647,1253058.5522060983,26.789395893705944,126.7675888897241,1.944913297568618,2215436.5791125214
178,26.161566552995815,88.32430669107815,1.3551028309881474,1543587.7678758963,28.93230907975831,126.7675888897241,1.944913297568618,2215436.5791125214
179,29.59337233951059,106.68010810124242,1.6367240447608047,1864380.4435113762,31.102649067268995,126.7675888897241,1.944913297568618,2215436.5791125214
180,37.282491204871995,148.58674905652313,2.279670589411588,2596756.174679319,35.514275013235874,126.7675888897241,1.944913297568618,2215436.5791125214
181,41.55677838780727,172.1375886016396,2.6409959202897144,3008339.230211763,37.75070541643511,126.7675888897241,1.944913297568618,2215436.5791125214
182,6.125860333567338,0.008658396891586918,0.00013284019517578155,151.3138681770656,9.818115530567255,148.58674905652313,2.279670589411588,2596756.174679319
183,7.536905172918574,1.047666023882017,0.016073663616269565,18309.385684946537,13.809034827473988,148.58674905652313,2.279670589411588,2596756.174679319
184,9.139904720093922,3.8183530291898315,0.058582526072519674,66730.92157383429,15.960254556621774,148.58674905652313,2.279670589411588,2596756.174679319
185,10.94517419051407,8.32071941281503,0.12765942756392612,145415.91747287932,18.116190375279434,148.58674905652313,2.279670589411588,2596756.174679319
186,12.96281207253869,14.55476517475761,0.22330436809048881,254364.3733449179,20.323738634415452,148.58674905652313,2.279670589411588,2596756.174679319
187,15.202715539831763,22.52049031501757,0.3455173476522078,393576.28918480716,22.58724365422383,148.58674905652313,2.279670589411588,2596756.174679319
188,17.674593979262454,32.21789483359492,0.49429836624908313,563051.6649912188,24.90394142739574,148.58674905652313,2.279670589411588,2596756.174679319
189,20.38798093210381,43.64697873048965,0.6696474238811148,762790.5007636864,27.269482704945187,148.58674905652313,2.279670589411588,2596756.174679319
190,23.352244689112165,56.80774200570175,0.8715645205483025,992792.7965020112,29.67931701105065,148.58674905652313,2.279670589411588,2596756.174679319
191,26.57659773570964,71.70018465923125,1.100049656250647,1253058.5522060983,32.129116492059765,148.58674905652313,2.279670589411588,2596756.174679319
192,30.070105208690023,88.32430669107815,1.3551028309881474,1543587.7678758963,34.61490780922791,148.58674905652313,2.279670589411588,2596756.174679319
193,33.84169249828177,106.68010810124242,1.6367240447608047,1864380.4435113762,37.133100131681594,148.58674905652313,2.279670589411588,2596756.174679319
194,37.90015210733249,126.7675888897241,1.944913297568618,2215436.5791125214,39.680473155042904,148.58674905652313,2.279670589411588,2596756.174679319
195,46.9122305504072,172.1375886016396,2.6409959202897144,3008339.230211763,44.8515644247222,148.58674905652313,2.279670589411588,2596756.174679319
196,7.626888216512496,0.008658396891586918,0.00013284019517578155,151.3138681770656,12.051385569447046,172.1375886016396,2.6409959202897144,3008339.230211763
197,9.252318564931384,1.047666023882017,0.016073663616269565,18309.385684946537,17.00230283990707,172.1375886016396,2.6409959202897144,3008339.230211763
198,11.083483035485457,3.8183530291898315,0.058582526072519674,66730.92157383429,19.504738258058154,172.1375886016396,2.6409959202897144,3008339.230211763
199,13.13072220050227,8.32071941281503,0.12765942756392612,145415.91747287932,21.993699662527387,172.1375886016396,2.6409959202897144,3008339.230211763
200,15.404173022282112,14.55476517475761,0.22330436809048881,254364.3733449179,24.534704589539142,172.1375886016396,2.6409959202897144,3008339.230211763
201,17.913782480186615,22.52049031501757,0.3455173476522078,393576.28918480716,27.136007791402502,172.1375886016396,2.6409959202897144,3008339.230211763
202,20.669319628651387,32.21789483359492,0.49429836624908313,563051.6649912188,29.79601044497454,172.1375886016396,2.6409959202897144,3008339.230211763
203,23.68038632022247,43.64697873048965,0.6696474238811148,762790.5007636864,32.510691318791004,172.1375886016396,2.6409959202897144,3008339.230211763
204,26.95642678516339,56.80774200570175,0.8715645205483025,992792.7965020112,35.27549840227066,172.1375886016396,2.6409959202897144,3008339.230211763
205,30.506736225678182,71.70018465923125,1.100049656250647,1253058.5522060983,38.085952130651975,172.1375886016396,2.6409959202897144,3008339.230211763
206,34.340468556157205,88.32430669107815,1.3551028309881474,1543587.7678758963,40.937854007479444,172.1375886016396,2.6409959202897144,3008339.230211763
207,38.466643399472524,106.68010810124242,1.6367240447608047,1864380.4435113762,43.82735227701101,172.1375886016396,2.6409959202897144,3008339.230211763
208,42.89415243204952,126.7675888897241,1.944913297568618,2215436.5791125214,46.750950385628855,172.1375886016396,2.6409959202897144,3008339.230211763
209,47.631765156330445,148.58674905652313,2.279670589411588,2596756.174679319,49.70549161491294,172.1375886016396,2.6409959202897144,3008339.230211763
210,0.0017121018174923645,0.303781237203333,0.016281586255327964,111.22869070432002,0.0001824636012814074,0.002510588737217628,0.00013455856409361953,0.9185428415671807
211,0.0054569504836119356,1.1071696331129741,0.05934032676528623,405.4407343395507,0.00034832636932138964,0.002510588737217628,0.00013455856409361953,0.9185428415671807
212,0.009810224624007508,2.4126757764661413,0.12931078009396843,883.5402358753513,0.0005142122691436095,0.002510588737217628,0.00013455856409361953,0.9185428415671807
213,0.014268017174863215,4.220299667262834,0.22619294624137448,1545.5250476882989,0.0006800995194786069,0.002510588737217628,0.00013455856409361953,0.9185428415671807
214,0.01871034255039051,6.530041305503051,0.34998682520750446,2391.3947974373255,0.0008459863277136997,0.002510588737217628,0.00013455856409361953,0.9185428415671807
215,0.023114769544238172,9.341900691186794,0.5006924169923583,3421.149382566927,0.0010118725969940421,0.002510588737217628,0.00013455856409361953,0.9185428415671807
216,0.027482254109622475,12.655877824314063,0.6783097215959362,4634.7887660064325,0.0011777584287164353,0.002510588737217628,0.00013455856409361953,0.9185428415671807
217,0.031818532781971165,16.47197270488486,0.8828387390182377,6032.312931776613,0.001343643925351391,0.002510588737217628,0.00013455856409361953,0.9185428415671807
218,0.036129437684339426,20.790185332899174,1.1142794692592632,7613.721872084884,0.0015095291658919372,0.002510588737217628,0.00013455856409361953,0.9185428415671807
219,0.040419862406388674,25.610515708357024,1.3726319123190132,9379.01558276703,0.0016754142083166633,0.002510588737217628,0.00013455856409361953,0.9185428415671807
220,0.04469369483909736,30.9329638312584,1.6578960681974868,11328.19406143501,0.0018412990950738104,0.002510588737217628,0.00013455856409361953,0.9185428415671807
221,0.04895397757047511,36.7575297016033,1.9700719368946842,13461.257306640216,0.002007183857589056,0.002510588737217628,0.00013455856409361953,0.9185428415671807
222,0.053203091076880475,43.084213319391736,2.309159518410606,15778.20531746276,0.002173068519482736,0.002510588737217628,0.00013455856409361953,0.9185428415671807
223,0.05744290886011202,49.91301468462369,2.6751588127452512,18279.03809329581,0.002338953098791259,0.002510588737217628,0.00013455856409361953,0.9185428415671807
224,0.004538041709913068,0.002510588737217628,0.00013455856409361953,0.9185428415671807,0.007382110813609272,0.303781237203333,0.016281586255327964,111.22869070432002
225,0.06828714638268392,1.1071696331129741,0.05934032676528623,405.4407343395507,0.04340936477589379,0.303781237203333,0.016281586255327964,111.22869070432002
226,0.1410891818309521,2.4126757764661413,0.12931078009396843,883.5402358753513,0.06292452417647598,0.303781237203333,0.016281586255327964,111.22869070432002
227,0.24647655152479836,4.220299667262834,0.22619294624137448,1545.5250476882989,0.08271317414712266,0.303781237203333,0.016281586255327964,111.22869070432002
228,0.3863078131005438,6.530041305503051,0.34998682520750446,2391.3947974373255,0.1026259036097956,0.303781237203333,0.016281586255327964,111.22869070432002
229,0.5611423349336341,9.341900691186794,0.5006924169923583,3421.149382566927,0.1226016545723448,0.303781237203333,0.016281586255327964,111.22869070432002
230,0.7705286861749031,12.655877824314063,0.6783097215959362,4634.7887660064325,0.1426122520843443,0.303781237203333,0.016281586255327964,111.22869070432002
231,1.0132631719066825,16.47197270488486,0.8828387390182377,6032.312931776613,0.16264342048122774,0.303781237203333,0.016281586255327964,111.22869070432002
232,1.2876140827818086,20.790185332899174,1.1142794692592632,7613.721872084884,0.18268737635536586,0.303781237203333,0.016281586255327964,111.22869070432002
233,1.5915090092926276,25.610515708357024,1.3726319123190132,9379.01558276703,0.20273961933165072,0.303781237203333,0.016281586255327964,111.22869070432002
234,1.9226854734640129,30.9329638312584,1.6578960681974868,11328.19406143501,0.22279741942919684,0.303781237203333,0.016281586255327964,111.22869070432002
235,2.2788075190823367,36.7575297016033,1.9700719368946842,13461.257306640216,0.24285905330555324,0.303781237203333,0.016281586255327964,111.22869070432002
236,2.6575523847067295,43.084213319391736,2.309159518410606,15778.20531746276,0.26292339594841796,0.303781237203333,0.016281586255327964,111.22869070432002
237,3.056672031285066,49.91301468462369,2.6751588127452512,18279.03809329581,0.2829896916259627,0.303781237203333,0.016281586255327964,111.22869070432002
238,0.0281658630387625,0.002510588737217628,0.00013455856409361953,0.9185428415671807,0.04259585676978366,1.1071696331129741,0.05934032676528623,405.4407343395507
239,0.08057935105250978,0.303781237203333,0.016281586255327964,111.22869070432002,0.10713456285258621,1.1071696331129741,0.05934032676528623,405.4407343395507
240,0.307085644871352,2.4126757764661413,0.12931078009396843,883.5402358753513,0.23875472670845466,1.1071696331129741,0.05934032676528623,405.4407343395507
241,0.49442519941974356,4.220299667262834,0.22619294624137448,1545.5250476882989,0.30843176491630253,1.1071696331129741,0.05934032676528623,405.4407343395507
242,0.737958572190559,6.530041305503051,0.34998682520750446,2391.3947974373255,0.37929515452473805,1.1071696331129741,0.05934032676528623,405.4407343395507
243,1.0414754579211936,9.341900691186794,0.5006924169923583,3421.149382566927,0.450879498146532,1.1071696331129741,0.05934032676528623,405.4407343395507
244,1.4078440536042158,12.655877824314063,0.6783097215959362,4634.7887660064325,0.5229217413577044,1.1071696331129741,0.05934032676528623,405.4407343395507
245,1.8391046290796618,16.47197270488486,0.8828387390182377,6032.312931776613,0.5952661821758817,1.1071696331129741,0.05934032676528623,405.4407343395507
246,2.3365573659601435,20.790185332899174,1.1142794692592632,7613.721872084884,0.6678167400052355,1.1071696331129741,0.05934032676528623,405.4407343395507
247,2.900846077723473,25.610515708357024,1.3726319123190132,9379.01558276703,0.7405119180181678,1.1071696331129741,0.05934032676528623,405.4407343395507
248,3.532038155893102,30.9329638312584,1.6578960681974868,11328.19406143501,0.8133110794926984,1.1071696331129741,0.05934032676528623,405.4407343395507
249,4.229700531771618,36.7575297016033,1.9700719368946842,13461.257306640216,0.8861866131592865,1.1071696331129741,0.05934032676528623,405.4407343395507
250,4.9929712497209655,43.084213319391736,2.309159518410606,15778.20531746276,0.9591192935861134,1.1071696331129741,0.05934032676528623,405.4407343395507
251,5.820626239954446,49.91301468462369,2.6751588127452512,18279.03809329581,1.0320954422486879,1.1071696331129741,0.05934032676528623,405.4407343395507
252,0.08690207636332298,0.002510588737217628,0.00013455856409361953,0.9185428415671807,0.12084486075280465,2.4126757764661413,0.12931078009396843,883.5402358753513
253,0.18669640689674688,0.303781237203333,0.016281586255327964,111.22869070432002,0.275634765913189,2.4126757764661413,0.12931078009396843,883.5402358753513
254,0.33854336024781956,1.1071696331129741,0.05934032676528623,405.4407343395507,0.4093240595279748,2.4126757764661413,0.12931078009396843,883.5402358753513
255,0.8295428251113723,4.220299667262834,0.22619294624137448,1545.5250476882989,0.6969465046360602,2.4126757764661413,0.12931078009396843,883.5402358753513
256,1.1818864689959885,6.530041305503051,0.34998682520750446,2391.3947974373255,0.8469914911276828,2.4126757764661413,0.12931078009396843,883.5402358753513
257,1.6128542338685914,9.341900691186794,0.5006924169923583,3421.149382566927,0.9994747840464168,2.4126757764661413,0.12931078009396843,883.5402358753513
258,2.1270458398330083,12.655877824314063,0.6783097215959362,4634.7887660064325,1.153655797653276,2.4126757764661413,0.12931078009396843,883.5402358753513
259,2.7283700945055593,16.47197270488486,0.8828387390182377,6032.312931776613,1.3090453490185203,2.4126757764661413,0.12931078009396843,883.5402358753513
260,3.4200927786044124,20.790185332899174,1.1142794692592632,7613.721872084884,1.465313341591854,2.4126757764661413,0.12931078009396843,883.5402358753513
261,4.204881009478899,25.610515708357024,1.3726319123190132,9379.01558276703,1.6222321324231561,2.4126757764661413,0.12931078009396843,883.5402358753513
262,5.084845308123561,30.9329638312584,1.6578960681974868,11328.19406143501,1.7796414592224645,2.4126757764661413,0.12931078009396843,883.5402358753513
263,6.0615800352667994,36.7575297016033,1.9700719368946842,13461.257306640216,1.9374263209000813,2.4126757764661413,0.12931078009396843,883.5402358753513
264,7.136202527657417,43.084213319391736,2.309159518410606,15778.20531746276,2.095502739030377,2.4126757764661413,0.12931078009396843,883.5402358753513
265,8.30939106559735,49.91301468462369,2.6751588127452512,18279.03809329581,2.2538084027754173,2.4126757764661413,0.12931078009396843,883.5402358753513
266,0.19674668538174545,0.002510588737217628,0.00013455856409361953,0.9185428415671807,0.2522363734595711,4.220299667262834,0.22619294624137448,1545.5250476882989
267,0.35898832705933836,0.303781237203333,0.016281586255327964,111.22869070432002,0.5574930622747482,4.220299667262834,0.22619294624137448,1545.5250476882989
268,0.5870293642740075,1.1071696331129741,0.05934032676528623,405.4407343395507,0.7861634877754522,4.220299667262834,0.22619294624137448,1545.5250476882989
269,0.8893251986574844,2.4126757764661413,0.12931078009396843,883.5402358753513,1.0252035965490232,4.220299667262834,0.22619294624137448,1545.5250476882989
270,1.7465477903435853,6.530041305503051,0.34998682520750446,2391.3947974373255,1.5288382215065932,4.220299667262834,0.22619294624137448,1545.5250476882989
271,2.314646091017604,9.341900691186794,0.5006924169923583,3421.149382566927,1.78932975464008,4.220299667262834,0.22619294624137448,1545.5250476882989
272,2.983447518906008,12.655877824314063,0.6783097215959362,4634.7887660064325,2.0536768217581445,4.220299667262834,0.22619294624137448,1545.5250476882989
273,3.75799576999826,16.47197270488486,0.8828387390182377,6032.312931776613,2.320927563144221,4.220299667262834,0.22619294624137448,1545.5250476882989
274,4.642783484571829,20.790185332899174,1.1142794692592632,7613.721872084884,2.590393123174483,4.220299667262834,0.22619294624137448,1545.5250476882989
275,5.641782124295083,25.610515708357024,1.3726319123190132,9379.01558276703,2.8615696250418523,4.220299667262834,0.22619294624137448,1545.5250476882989
276,6.7584694869201405,30.9329638312584,1.6578960681974868,11328.19406143501,3.134083926664458,4.220299667262834,0.22619294624137448,1545.5250476882989
277,7.995855582499791,36.7575297016033,1.9700719368946842,13461.257306640216,3.407656208069458,4.220299667262834,0.22619294624137448,1545.5250476882989
278,9.356507341244793,43.084213319391736,2.309159518410606,15778.20531746276,3.682074054210644,4.220299667262834,0.22619294624137448,1545.5250476882989
279,10.84257245398063,49.91301468462369,2.6751588127452512,18279.03809329581,3.957174334340086,4.220299667262834,0.22619294624137448,1545.5250476882989
280,0.37369969090035815,0.002510588737217628,0.00013455856409361953,0.9185428415671807,0.44375840093549795,6.530041305503051,0.34998682520750446,2391.3947974373255
281,0.6134651340677538,0.303781237203333,0.016281586255327964,111.22869070432002,0.9789963779880312,6.530041305503051,0.34998682520750446,2391.3947974373255
282,0.9327007045452009,1.1071696331129741,0.05934032676528623,405.4407343395507,1.3297490279112256,6.530041305503051,0.34998682520750446,2391.3947974373255
283,1.3401303562078175,2.4126757764661413,0.12931078009396843,883.5402358753513,1.6911192873389467,6.530041305503051,0.34998682520750446,2391.3947974373255
284,1.8437985365932903,4.220299667262834,0.22619294624137448,1545.5250476882989,2.065642775561817,6.530041305503051,0.34998682520750446,2391.3947974373255
285,3.168973416885306,9.341900691186794,0.5006924169923583,3421.149382566927,2.8452943246752564,6.530041305503051,0.34998682520750446,2391.3947974373255
286,4.003642519507859,12.655877824314063,0.6783097215959362,4634.7887660064325,3.246270689288072,6.530041305503051,0.34998682520750446,2391.3947974373255
287,4.960942121947603,16.47197270488486,0.8828387390182377,6032.312931776613,3.65260917127984,6.530041305503051,0.34998682520750446,2391.3947974373255
288,6.046196389466719,20.790185332899174,1.1142794692592632,7613.721872084884,4.063196986203144,6.530041305503051,0.34998682520750446,2391.3947974373255
289,7.264271326645837,25.610515708357024,1.3726319123190132,9379.01558276703,4.477179243696878,6.530041305503051,0.34998682520750446,2391.3947974373255
290,8.619595460774196,30.9329638312584,1.6578960681974868,11328.19406143501,4.893895641243273,6.530041305503051,0.34998682520750446,2391.3947974373255
291,10.11617889097486,36.7575297016033,1.9700719368946842,13461.257306640216,5.3128324470645705,6.530041305503051,0.34998682520750446,2391.3947974373255
292,11.757631136099633,43.084213319391736,2.309159518410606,15778.20531746276,5.733586756832348,6.530041305503051,0.34998682520750446,2391.3947974373255
293,13.547178088323351,49.91301468462369,2.6751588127452512,18279.03809329581,6.155839999081462,6.530041305503051,0.34998682520750446,2391.3947974373255
294,0.6337610931980876,0.002510588737217628,0.00013455856409361953,0.9185428415671807,0.7003968180407433,9.341900691186794,0.5006924169923583,3421.149382566927
295,0.9661304204442924,0.303781237203333,0.016281586255327964,111.22869070432002,1.5653146937651656,9.341900691186794,0.5006924169923583,3421.149382566927
296,1.3916004240423734,1.1071696331129741,0.05934032676528623,405.4407343395507,2.067704523010709,9.341900691186794,0.5006924169923583,3421.149382566927
297,1.9190822556208842,2.4126757764661413,0.12931078009396843,883.5402358753513,2.5765016961247125,9.341900691186794,0.5006924169923583,3421.149382566927
298,2.556899240492361,4.220299667262834,0.22619294624137448,1545.5250476882989,3.1014886697825226,9.341900691186794,0.5006924169923583,3421.149382566927
299,3.3128334128631383,6.530041305503051,0.34998682520750446,2391.3947974373255,3.6415091041724335,9.341900691186794,0.5006924169923583,3421.149382566927
300,5.207689541098198,12.655877824314063,0.6783097215959362,4634.7887660064325,4.757181633517386,9.341900691186794,0.5006924169923583,3421.149382566927
301,6.359768901317521,16.47197270488486,0.8828387390182377,6032.312931776613,5.328664667862317,9.341900691186794,0.5006924169923583,3421.149382566927
302,7.656326887342742,20.790185332899174,1.1142794692592632,7613.721872084884,5.907069336080054,9.341900691186794,0.5006924169923583,3421.149382566927
303,9.1028810038881,25.610515708357024,1.3726319123190132,9379.01558276703,6.49115829571732,9.341900691186794,0.5006924169923583,3421.149382566927
304,10.704556657807345,30.9329638312584,1.6578960681974868,11328.19406143501,7.079940233011694,9.341900691186794,0.5006924169923583,3421.149382566927
305,12.466102422391028,36.7575297016033,1.9700719368946842,13461.257306640216,7.672618967281417,9.341900691186794,0.5006924169923583,3421.149382566927
306,14.39190413589756,43.084213319391736,2.309159518410606,15778.20531746276,8.268552258656388,9.341900691186794,0.5006924169923583,3421.149382566927
307,16.48599810459891,49.91301468462369,2.6751588127452512,18279.03809329581,8.86721933355351,9.341900691186794,0.5006924169923583,3421.149382566927
308,0.9929308923970684,0.002510588737217628,0.00013455856409361953,0.9185428415671807,1.0258044788530813,12.655877824314063,0.6783097215959362,4634.7887660064325
309,1.4329857947364653,0.303781237203333,0.016281586255327964,111.22869070432002,2.3405480210261924,12.655877824314063,0.6783097215959362,4634.7887660064325
310,1.9797480787941644,1.1071696331129741,0.05934032676528623,405.4407343395507,3.027075491615275,12.655877824314063,0.6783097215959362,4634.7887660064325
311,2.6422670225498965,2.4126757764661413,0.12931078009396843,883.5402358753513,3.7093951446100815,12.655877824314063,0.6783097215959362,4634.7887660064325
312,3.429073535178059,4.220299667262834,0.22619294624137448,1545.5250476882989,4.40938411562311,12.655877824314063,0.6783097215959362,4634.7887660064325
313,4.348217630654566,6.530041305503051,0.34998682520750446,2391.3947974373255,5.128153498293929,12.655877824314063,0.6783097215959362,4634.7887660064325
314,5.407298818961383,9.341900691186794,0.5006924169923583,3421.149382566927,5.863670324801841,12.655877824314063,0.6783097215959362,4634.7887660064325
315,7.973565083719785,16.47197270488486,0.8828387390182377,6032.312931776613,7.37536772380556,12.655877824314063,0.6783097215959362,4634.7887660064325
316,9.493904534843555,20.790185332899174,1.1142794692592632,7613.721872084884,8.14737137491149,12.655877824314063,0.6783097215959362,4634.7887660064325
317,11.180524106170644,25.610515708357024,1.3726319123190132,9379.01558276703,8.927889838362546,12.655877824314063,0.6783097215959362,4634.7887660064325
318,13.039082701829711,30.9329638312584,1.6578960681974868,11328.19406143501,9.715587380519215,12.655877824314063,0.6783097215959362,4634.7887660064325
319,15.074896502386828,36.7575297016033,1.9700719368946842,13461.257306640216,10.509360186530959,12.655877824314063,0.6783097215959362,4634.7887660064325
320,17.292950733018476,43.084213319391736,2.309159518410606,15778.20531746276,11.308295336238997,12.655877824314063,0.6783097215959362,4634.7887660064325
321,19.69791057573756,49.91301468462369,2.6751588127452512,18279.03809329581,12.111635875501173,12.655877824314063,0.6783097215959362,4634.7887660064325
322,1.4672090885592468,0.002510588737217628,0.00013455856409361953,0.9185428415671807,1.4227188000139765,16.47197270488486,0.8828387390182377,6032.312931776613
323,2.0300320854356992,0.303781237203333,0.016281586255327964,111.22869070432002,3.3277794020945914,16.47197270488486,0.8828387390182377,6032.312931776613
324,2.713153851975285,1.1071696331129741,0.05934032676528623,405.4407343395507,4.234309848840714,16.47197270488486,0.8828387390182377,6032.312931776613
325,3.5257298574509903,2.4126757764661413,0.12931078009396843,883.5402358753513,5.117500080368338,16.47197270488486,0.8828387390182377,6032.312931776613
326,4.476451755603226,4.220299667262834,0.22619294624137448,1545.5250476882989,6.017545600810501,16.47197270488486,0.8828387390182377,6032.312931776613
327,5.573578212935729,6.530041305503051,0.34998682520750446,2391.3947974373255,6.939391695829261,16.47197270488486,0.8828387390182377,6032.312931776613
328,6.824960389624817,9.341900691186794,0.5006924169923583,3421.149382566927,7.881983311037653,16.47197270488486,0.8828387390182377,6032.312931776613
329,8.238063351244719,12.655877824314063,0.6783097215959362,4634.7887660064325,8.842994369891322,16.47197270488486,0.8828387390182377,6032.312931776613
330,11.577468611150243,20.790185332899174,1.1142794692592632,7613.721872084884,10.810720472493724,16.47197270488486,0.8828387390182377,6032.312931776613
331,13.51692330951093,25.610515708357024,1.3726319123190132,9379.01558276703,11.813254451211419,16.47197270488486,0.8828387390182377,6032.312931776613
332,15.64442985933989,30.9329638312584,1.6578960681974868,11328.19406143501,12.825919041947882,16.47197270488486,0.8828387390182377,6032.312931776613
333,17.965755098949998,36.7575297016033,1.9700719368946842,13461.257306640216,13.847299249317688,16.47197270488486,0.8828387390182377,6032.312931776613
334,20.486361445257966,43.084213319391736,2.309159518410606,15778.20531746276,14.876197657896297,16.47197270488486,0.8828387390182377,6032.312931776613
335,23.211416261764434,49.91301468462369,2.6751588127452512,18279.03809329581,15.911601128687076,16.47197270488486,0.8828387390182377,6032.312931776613
336,2.072595681719355,0.002510588737217628,0.00013455856409361953,0.9185428415671807,1.893231624039752,20.790185332899174,1.1142794692592632,7613.721872084884
337,2.7732697628480736,0.303781237203333,0.016281586255327964,111.22869070432002,4.549126855441242,20.790185332899174,1.1142794692592632,7613.721872084884
338,3.6078235736102187,1.1071696331129741,0.05934032676528623,405.4407343395507,5.715261158612596,20.790185332899174,1.1142794692592632,7613.721872084884
339,4.5854968041317585,2.4126757764661413,0.12931078009396843,883.5402358753513,6.828130291678015,20.790185332899174,1.1142794692592632,7613.721872084884
340,5.715109365624949,4.220299667262834,0.22619294624137448,1545.5250476882989,7.953976338553855,20.790185332899174,1.1142794692592632,7613.721872084884
341,7.005087197885492,6.530041305503051,0.34998682520750446,2391.3947974373255,9.103517365101586,20.790185332899174,1.1142794692592632,7613.721872084884
342,8.463483944467477,9.341900691186794,0.5006924169923583,3421.149382566927,10.277423177506455,20.790185332899174,1.1142794692592632,7613.721872084884
343,10.09799940296944,12.655877824314063,0.6783097215959362,4634.7887660064325,11.473845701715456,20.790185332899174,1.1142794692592632,7613.721872084884
344,11.915995429698597,16.47197270488486,0.8828387390182377,6032.312931776613,12.690349277974432,20.790185332899174,1.1142794692592632,7613.721872084884
345,16.13026852892318,25.610515708357024,1.3726319123190132,9379.01558276703,15.174107895488984,20.790185332899174,1.1142794692592632,7613.721872084884
346,18.53969664313967,30.9329638312584,1.6578960681974868,11328.19406143501,16.43717944319603,20.790185332899174,1.1142794692592632,7613.721872084884
347,21.15892818157575,36.7575297016033,1.9700719368946842,13461.257306640216,17.712013283950405,20.790185332899174,1.1142794692592632,7613.721872084884
348,23.993815086683135,43.084213319391736,2.309159518410606,15778.20531746276,18.997129433212628,20.790185332899174,1.1142794692592632,7613.721872084884
349,27.049935461990533,49.91301468462369,2.6751588127452512,18279.03809329581,20.291251789839485,20.790185332899174,1.1142794692592632,7613.721872084884
350,2.8250906718983977,0.002510588737217628,0.00013455856409361953,0.9185428415671807,2.438968933544043,25.610515708357024,1.3726319123190132,9379.01558276703
351,3.6786991138329985,0.303781237203333,0.016281586255327964,111.22869070432002,6.025792820504567,25.610515708357024,1.3726319123190132,9379.01558276703
352,4.679760823989822,1.1071696331129741,0.05934032676528623,405.4407343395507,7.495199502889354,25.610515708357024,1.3726319123190132,9379.01558276703
353,5.837583941379522,2.4126757764661413,0.12931078009396843,883.5402358753513,8.8681973610035,25.610515708357024,1.3726319123190132,9379.01558276703
354,7.1610931490084795,4.220299667262834,0.22619294624137448,1545.5250476882989,10.246415126352343,25.610515708357024,1.3726319123190132,9379.01558276703
355,8.658851594654594,6.530041305503051,0.34998682520750446,2391.3947974373255,11.648691614015032,25.610515708357024,1.3726319123190132,9379.01558276703
356,10.339079554151056,9.341900691186794,0.5006924169923583,3421.149382566927,13.078318038717434,25.610515708357024,1.3726319123190132,9379.01558276703
357,12.209670498959515,12.655877824314063,0.6783097215959362,4634.7887660064325,14.53435481259686,25.610515708357024,1.3726319123190132,9379.01558276703
358,14.27820507493679,16.47197270488486,0.8828387390182377,6032.312931776613,16.014608070562975,25.610515708357024,1.3726319123190132,9379.01558276703
359,16.551963385840466,20.790185332899174,1.1142794692592632,7613.721872084884,17.516603146829482,25.610515708357024,1.3726319123190132,9379.01558276703
360,21.74283316088735,30.9329638312584,1.6578960681974868,11328.19406143501,20.576398079948863,25.610515708357024,1.3726319123190132,9379.01558276703
361,24.673094692425718,36.7575297016033,1.9700719368946842,13461.257306640216,22.130012904611224,25.610515708357024,1.3726319123190132,9379.01558276703
362,27.834896934315513,43.084213319391736,2.309159518410606,15778.20531746276,23.697033254417885,25.610515708357024,1.3726319123190132,9379.01558276703
363,31.234160660271662,49.91301468462369,2.6751588127452512,18279.03809329581,25.275925023105454,25.610515708357024,1.3726319123190132,9379.01558276703
364,3.7406940591099156,0.002510588737217628,0.00013455856409361953,0.9185428415671807,3.061213697265835,30.9329638312584,1.6578960681974868,11328.19406143501
365,4.762320323319331,0.303781237203333,0.016281586255327964,111.22869070432002,7.778110835913124,30.9329638312584,1.6578960681974868,11328.19406143501
366,5.944967924134995,1.1071696331129741,0.05934032676528623,405.4407343395507,9.598825098043505,30.9329638312584,1.6578960681974868,11328.19406143501
367,7.298001739314616,2.4126757764661413,0.12931078009396843,883.5402358753513,11.264206836741712,30.9329638312584,1.6578960681974868,11328.19406143501
368,8.830433679802306,4.220299667262834,0.22619294624137448,1545.5250476882989,12.922311504950189,30.9329638312584,1.6578960681974868,11328.19406143501
369,10.550941540003338,6.530041305503051,0.34998682520750446,2391.3947974373255,14.602890460111526,30.9329638312584,1.6578960681974868,11328.19406143501
370,12.46788523577746,9.341900691186794,0.5006924169923583,3421.149382566927,16.312916345969928,30.9329638312584,1.6578960681974868,11328.19406143501
371,14.58932092402579,12.655877824314063,0.6783097215959362,4634.7887660064325,18.05286317926504,30.9329638312584,1.6578960681974868,11328.19406143501
372,16.923013389626963,16.47197270488486,0.8828387390182377,6032.312931776613,19.821056507812852,30.9329638312584,1.6578960681974868,11328.19406143501
373,19.47644700458156,20.790185332899174,1.1142794692592632,7613.721872084884,21.615137940179743,30.9329638312584,1.6578960681974868,11328.19406143501
374,22.25683550281272,25.610515708357024,1.3726319123190132,9379.01558276703,23.432624108710545,30.9329638312584,1.6578960681974868,11328.19406143501
375,28.52603078580876,36.7575297016033,1.9700719368946842,13461.257306640216,27.128459152599792,30.9329638312584,1.6578960681974868,11328.19406143501
376,32.02798691540116,43.084213319391736,2.309159518410606,15778.20531746276,29.002621961254235,30.9329638312584,1.6578960681974868,11328.19406143501
377,35.78321054731028,49.91301468462369,2.6751588127452512,18279.03809329581,30.891842176997265,30.9329638312584,1.6578960681974868,11328.19406143501
378,4.835405843362852,0.002510588737217628,0.00013455856409361953,0.9185428415671807,3.7609917905257673,36.7575297016033,1.9700719368946842,13461.257306640216
379,6.040133515894294,0.303781237203333,0.016281586255327964,111.22869070432002,9.825589492913943,36.7575297016033,1.9700719368946842,13461.257306640216
380,7.419446445031336,1.1071696331129741,0.05934032676528623,405.4407343395507,12.050282842759879,36.7575297016033,1.9700719368946842,13461.257306640216
381,8.982757311678698,2.4126757764661413,0.12931078009396843,883.5402358753513,14.04225983940849,36.7575297016033,1.9700719368946842,13461.257306640216
382,10.739151796048786,4.220299667262834,0.22619294624137448,1545.5250476882989,16.008813951744422,36.7575297016033,1.9700719368946842,13461.257306640216
383,12.697404960025086,6.530041305503051,0.34998682520750446,2391.3947974373255,17.99387566483585,36.7575297016033,1.9700719368946842,13461.257306640216
384,14.865995503195261,9.341900691186794,0.5006924169923583,3421.149382566927,20.00933614778823,36.7575297016033,1.9700719368946842,13461.257306640216
385,17.25311826854023,12.655877824314063,0.6783097215959362,4634.7887660064325,22.057668658690634,36.7575297016033,1.9700719368946842,13461.257306640216
386,19.866695296435662,16.47197270488486,0.8828387390182377,6032.312931776613,24.138038450928562,36.7575297016033,1.9700719368946842,13461.257306640216
387,22.714385666648646,20.790185332899174,1.1142794692592632,7613.721872084884,26.24839625299766,36.7575297016033,1.9700719368946842,13461.257306640216
388,25.803594322463407,25.610515708357024,1.3726319123190132,9379.01558276703,28.386302984892378,36.7575297016033,1.9700719368946842,13461.257306640216
389,29.141480035482864,30.9329638312584,1.6578960681974868,11328.19406143501,30.549280316848858,36.7575297016033,1.9700719368946842,13461.257306640216
390,36.59072965590926,43.084213319391736,2.309159518410606,15778.20531746276,34.94115926356047,36.7575297016033,1.9700719368946842,13461.257306640216
391,40.71524235748875,49.91301468462369,2.6751588127452512,18279.03809329581,37.16587408288788,36.7575297016033,1.9700719368946842,13461.257306640216
392,6.125226024663468,0.002510588737217628,0.00013455856409361953,0.9185428415671807,4.539133321458164,43.084213319391736,2.309159518410606,15778.20531746276
393,7.528138778562876,0.303781237203333,0.016281586255327964,111.22869070432002,12.18695379462618,43.084213319391736,2.309159518410606,15778.20531746276
394,9.119197488112677,1.1071696331129741,0.05934032676528623,405.4407343395507,14.873177050878688,43.084213319391736,2.309159518410606,15778.20531746276
395,10.907855662398843,2.4126757764661413,0.12931078009396843,883.5402358753513,17.228057326974664,43.084213319391736,2.309159518410606,15778.20531746276
396,12.903262195846983,4.220299667262834,0.22619294624137448,1545.5250476882989,19.53276490235868,43.084213319391736,2.309159518410606,15778.20531746276
397,15.114275737283322,6.530041305503051,0.34998682520750446,2391.3947974373255,21.84917835658411,43.084213319391736,2.309159518410606,15778.20531746276
398,17.549477305462496,9.341900691186794,0.5006924169923583,3421.149382566927,24.19553441010615,43.084213319391736,2.309159518410606,15778.20531746276
399,20.217181442322957,12.655877824314063,0.6783097215959362,4634.7887660064325,26.576977876853412,43.084213319391736,2.309159518410606,15778.20531746276
400,23.125446138739203,16.47197270488486,0.8828387390182377,6032.312931776613,28.993879397811327,43.084213319391736,2.309159518410606,15778.20531746276
401,26.282081723732745,20.790185332899174,1.1142794692592632,7613.721872084884,31.444718464574347,43.084213319391736,2.309159518410606,15778.20531746276
402,29.694658873750754,25.610515708357024,1.3726319123190132,9379.01558276703,33.92724150202195,43.084213319391736,2.309159518410606,15778.20531746276
403,33.370515871403846,30.9329638312584,1.6578960681974868,11328.19406143501,36.43897100479415,43.084213319391736,2.309159518410606,15778.20531746276
404,37.31676522129018,36.7575297016033,1.9700719368946842,13461.257306640216,38.97743993777138,43.084213319391736,2.309159518410606,15778.20531746276
405,46.04779800695276,49.91301468462369,2.6751588127452512,18279.03809329581,44.12536657749305,43.084213319391736,2.309159518410606,15778.20531746276
406,7.626154603016234,0.002510588737217628,0.00013455856409361953,0.9185428415671807,5.396317202304025,49.91301468462369,2.6751588127452512,18279.03809329581
407,9.242336173927136,0.303781237203333,0.016281586255327964,111.22869070432002,14.880184075190098,49.91301468462369,2.6751588127452512,18279.03809329581
408,11.06022184857802,1.1071696331129741,0.05934032676528623,405.4407343395507,18.09058604030744,49.91301468462369,2.6751588127452512,18279.03809329581
409,13.089300414503505,2.4126757764661413,0.12931078009396843,883.5402358753513,20.84690570258216,49.91301468462369,2.6751588127452512,18279.03809329581
410,15.33877554700307,4.220299667262834,0.22619294624137448,1545.5250476882989,23.520699516528524,49.91301468462369,2.6751588127452512,18279.03809329581
411,17.81757851433955,6.530041305503051,0.34998682520750446,2391.3947974373255,26.196089948595112,49.91301468462369,2.6751588127452512,18279.03809329581
412,20.534379420073183,9.341900691186794,0.5006924169923583,3421.149382566927,28.899288165051672,49.91301468462369,2.6751588127452512,18279.03809329581
413,23.49759721164159,12.655877824314063,0.6783097215959362,4634.7887660064325,31.63887561414079,49.91301468462369,2.6751588127452512,18279.03809329581
414,26.715408642250527,16.47197270488486,0.8828387390182377,6032.312931776613,34.41684244130789,49.91301468462369,2.6751588127452512,18279.03809329581
415,30.19575634005122,20.790185332899174,1.1142794692592632,7613.721872084884,37.232444660182274,49.91301468462369,2.6751588127452512,18279.03809329581
416,33.94635611228057,25.610515708357024,1.3726319123190132,9379.01558276703,40.08377342630195,49.91301468462369,2.6751588127452512,18279.03809329581
417,37.97470359094184,30.9329638312584,1.6578960681974868,11328.19406143501,42.96845962837097,49.91301468462369,2.6751588127452512,18279.03809329581
418,42.28808030953775,36.7575297016033,1.9700719368946842,13461.257306640216,45.884009895294874,49.91301468462369,2.6751588127452512,18279.03809329581
419,46.89355928645504,43.084213319391736,2.309159518410606,15778.20531746276,48.82797114673937,49.91301468462369,2.6751588127452512,18279.03809329581
420,4.689914122402221e-05,0.08008664675456767,0.015316290396788793,0.0582465753057648,9.056811438477274e-05,0.000661873113674113,0.00012658091237015534,0.0004796333703774192
421,8.85180319417407e-05,0.2918860431302838,0.0558221823552385,0.2140524367821336,0.00017484183090060815,0.000661873113674113,0.00012658091237015534,0.0004796333703774192
422,0.00013028000444618691,0.6360600622408228,0.12164425678771931,0.4712771210713568,0.00025886414352907695,0.000661873113674113,0.00012658091237015534,0.0004796333703774192
423,0.00017209329507287573,1.1126087040861843,0.21278251369423115,0.83276953673524,0.00034278926907016787,0.000661873113674113,0.00012658091237015534,0.0004796333703774192
424,0.0002139313695303658,1.721531968666368,0.329236953074774,1.3000372474767117,0.0004266663533653478,0.000661873113674113,0.00012658091237015534,0.0004796333703774192
425,0.0002557834701075603,2.4628298559813744,0.47100757492934797,1.8735277722847603,0.0005105159576834931,0.000661873113674113,0.00012658091237015534,0.0004796333703774192
426,0.00029764434540201153,3.3365023660312034,0.6380943792579529,2.553141119775182,0.0005943482692029418,0.000661873113674113,0.00012658091237015534,0.0004796333703774192
427,0.00033951110544296195,4.342549498815855,0.830497366060589,3.3385814438140367,0.0006781689412957772,0.000661873113674113,0.00012658091237015534,0.0004796333703774192
428,0.00038138201957624366,5.480971254335328,1.0482165353372561,4.229528228119672,0.0007619813772754079,0.000661873113674113,0.00012658091237015534,0.0004796333703774192
429,0.00042325598396550704,6.751767632589626,1.2912518870879544,5.225700375880325,0.00084578775549423,0.000661873113674113,0.00012658091237015534,0.0004796333703774192
430,0.0004651322592471924,8.154938633578748,1.5596034213126841,6.326871041754573,0.0009295895386888447,0.000661873113674113,0.00012658091237015534,0.0004796333703774192
431,0.0005070103304034272,9.690484257302689,1.8532711380114444,7.5328637670087435,0.001013387747632079,0.000661873113674113,0.00012658091237015534,0.0004796333703774192
432,0.0005488898269916423,11.358404503761458,2.1722550371842364,8.843543369294025,0.0010971831175727365,0.000661873113674113,0.00012658091237015534,0.0004796333703774192
433,0.0005907704753270499,13.158699372955049,2.516555118831059,10.258806722682403,0.0011809761923075078,0.000661873113674113,0.00012658091237015534,0.0004796333703774192
434,0.003963582513349456,0.000661873113674113,0.00012658091237015534,0.0004796333703774192,0.0005414748275046246,0.08008664675456767,0.015316290396788793,0.0582465753057648
435,0.0130189074668069,0.2918860431302838,0.0558221823552385,0.2140524367821336,0.01800340641389032,0.08008664675456767,0.015316290396788793,0.0582465753057648
436,0.01780017242007913,0.6360600622408228,0.12164425678771931,0.4712771210713568,0.028125915508462634,0.08008664675456767,0.015316290396788793,0.0582465753057648
437,0.022654264531282046,1.1126087040861843,0.21278251369423115,0.83276953673524,0.03838746402158953,0.08008664675456767,0.015316290396788793,0.0582465753057648
438,0.027555149064692832,1.721531968666368,0.329236953074774,1.3000372474767117,0.04868518209189799,0.08008664675456767,0.015316290396788793,0.0582465753057648
439,0.03248820635123545,2.4628298559813744,0.47100757492934797,1.8735277722847603,0.058985008464967924,0.08008664675456767,0.015316290396788793,0.0582465753057648
440,0.03744449527189411,3.3365023660312034,0.6380943792579529,2.553141119775182,0.06927551200880927,0.08008664675456767,0.015316290396788793,0.0582465753057648
441,0.04241819605071341,4.342549498815855,0.830497366060589,3.3385814438140367,0.07955339738628399,0.08008664675456767,0.015316290396788793,0.0582465753057648
442,0.047405335440599036,5.480971254335328,1.0482165353372561,4.229528228119672,0.0898184115038584,0.08008664675456767,0.015316290396788793,0.0582465753057648
443,0.05240309625354864,6.751767632589626,1.2912518870879544,5.225700375880325,0.10007140906545559,0.08008664675456767,0.015316290396788793,0.0582465753057648
444,0.057409418529541525,8.154938633578748,1.5596034213126841,6.326871041754573,0.11031358382332135,0.08008664675456767,0.015316290396788793,0.0582465753057648
445,0.06242275696917356,9.690484257302689,1.8532711380114444,7.5328637670087435,0.1205461602461325,0.08008664675456767,0.015316290396788793,0.0582465753057648
446,0.06744192702083819,11.358404503761458,2.1722550371842364,8.843543369294025,0.13077027549816803,0.08008664675456767,0.015316290396788793,0.0582465753057648
447,0.07246600369342185,13.158699372955049,2.516555118831059,10.258806722682403,0.1409869418586398,0.08008664675456767,0.015316290396788793,0.0582465753057648
448,0.026200003747414626,0.000661873113674113,0.00012658091237015534,0.0004796333703774192,0.0019147985087836221,0.2918860431302838,0.0558221823552385,0.2140524367821336
449,0.04182650554933577,0.08008664675456767,0.015316290396788793,0.0582465753057648,0.026839776974558513,0.2918860431302838,0.0558221823552385,0.2140524367821336
450,0.0750142261764241,0.6360600622408228,0.12164425678771931,0.4712771210713568,0.09261810572849279,0.2918860431302838,0.0558221823552385,0.2140524367821336
451,0.09215304555073198,1.1126087040861843,0.21278251369423115,0.83276953673524,0.12857537886533896,0.2918860431302838,0.0558221823552385,0.2140524367821336
452,0.10951750761710935,1.721531968666368,0.329236953074774,1.3000372474767117,0.16531845184638852,0.2918860431302838,0.0558221823552385,0.2140524367821336
453,0.12705080226845405,2.4628298559813744,0.47100757492934797,1.8735277722847603,0.20247387044870546,0.2918860431302838,0.0558221823552385,0.2140524367821336
454,0.144714421887405,3.3365023660312034,0.6380943792579529,2.553141119775182,0.23984534745739378,0.2918860431302838,0.0558221823552385,0.2140524367821336
455,0.16248116976963714,4.342549498815855,0.830497366060589,3.3385814438140367,0.2773259383776747,0.2918860431302838,0.0558221823552385,0.2140524367821336
456,0.18033119662442418,5.480971254335328,1.0482165353372561,4.229528228119672,0.31485582843329946,0.2918860431302838,0.0558221823552385,0.2140524367821336
457,0.19824962057838208,6.751767632589626,1.2912518870879544,5.225700375880325,0.3524010354737722,0.2918860431302838,0.0558221823552385,0.2140524367821336
458,0.21622503028916518,8.154938633578748,1.5596034213126841,6.326871041754573,0.38994218971235245,0.2918860431302838,0.0558221823552385,0.2140524367821336
459,0.23424850683438173,9.690484257302689,1.8532711380114444,7.5328637670087435,0.42746839569401474,0.2918860431302838,0.0558221823552385,0.2140524367821336
460,0.25231296373487055,11.358404503761458,2.1722550371842364,8.843543369294025,0.46497376459472783,0.2918860431302838,0.0558221823552385,0.2140524367821336
461,0.2704126892674733,13.158699372955049,2.516555118831059,10.258806722682403,0.5024554010967518,0.2918860431302838,0.0558221823552385,0.2140524367821336
462,0.08271550676680464,0.000661873113674113,0.00012658091237015534,0.0004796333703774192,0.004125910332881574,0.6360600622408228,0.12164425678771931,0.4712771210713568
463,0.11637381507279643,0.08008664675456767,0.015316290396788793,0.0582465753057648,0.05468411165659115,0.6360600622408228,0.12164425678771931,0.4712771210713568
464,0.15132392169475697,0.2918860431302838,0.0558221823552385,0.2140524367821336,0.11729908696968794,0.6360600622408228,0.12164425678771931,0.4712771210713568
465,0.22372049853606696,1.1126087040861843,0.21278251369423115,0.83276953673524,0.26150471551500537,0.6360600622408228,0.12164425678771931,0.4712771210713568
466,0.2607725987434804,1.721531968666368,0.329236953074774,1.3000372474767117,0.3385763042941813,0.6360600622408228,0.12164425678771931,0.4712771210713568
467,0.2982318009479696,2.4628298559813744,0.47100757492934797,1.8735277722847603,0.41738624170454713,0.6360600622408228,0.12164425678771931,0.4712771210713568
468,0.3360188382046649,3.3365023660312034,0.6380943792579529,2.553141119775182,0.49730972421862035,0.6360600622408228,0.12164425678771931,0.4712771210713568
469,0.37407467718192905,4.342549498815855,0.830497366060589,3.3385814438140367,0.5779529198403794,0.6360600622408228,0.12164425678771931,0.4712771210713568
470,0.412354267016597,5.480971254335328,1.0482165353372561,4.229528228119672,0.6590624216489255,0.6360600622408228,0.12164425678771931,0.4712771210713568
471,0.45082251662451006,6.751767632589626,1.2912518870879544,5.225700375880325,0.7404722147593971,0.6360600622408228,0.12164425678771931,0.4712771210713568
472,0.48945161207579296,8.154938633578748,1.5596034213126841,6.326871041754573,0.8220718797353996,0.6360600622408228,0.12164425678771931,0.4712771210713568
473,0.5282191731477618,9.690484257302689,1.8532711380114444,7.5328637670087435,0.903787080418879,0.6360600622408228,0.12164425678771931,0.4712771210713568
474,0.5671069536568235,11.358404503761458,2.1722550371842364,8.843543369294025,0.9855673234434208,0.6360600622408228,0.12164425678771931,0.4712771210713568
475,0.606099904612391,13.158699372955049,2.516555118831059,10.258806722682403,1.06737812114516,0.6360600622408228,0.12164425678771931,0.4712771210713568
476,0.18951009005968178,0.000661873113674113,0.00012658091237015534,0.0004796333703774192,0.007174801814921429,1.1126087040861843,0.21278251369423115,0.83276953673524
477,0.24799605252035112,0.08008664675456767,0.015316290396788793,0.0582465753057648,0.09179064378187972,1.1126087040861843,0.21278251369423115,0.83276953673524
478,0.3083627430108117,0.2918860431302838,0.0558221823552385,0.2140524367821336,0.19450729521903387,1.1126087040861843,0.21278251369423115,0.83276953673524
479,0.37015135611946076,0.6360600622408228,0.12164425678771931,0.4712771210713568,0.30956285078688245,1.1126087040861843,0.21278251369423115,0.83276953673524
480,0.4968362823255047,1.721531968666368,0.329236953074774,1.3000372474767117,0.5623476514065673,1.1126087040861843,0.21278251369423115,0.83276953673524
481,0.5613474908178919,2.4628298559813744,0.47100757492934797,1.8735277722847603,0.6956924638681666,1.1126087040861843,0.21278251369423115,0.83276953673524
482,0.6264599926780304,3.3365023660312034,0.6380943792579529,2.553141119775182,0.8318850988925527,1.1126087040861843,0.21278251369423115,0.83276953673524
483,0.6920782798137968,4.342549498815855,0.830497366060589,3.3385814438140367,0.9701000695917105,1.1126087040861843,0.21278251369423115,0.83276953673524
484,0.7581270474005584,5.480971254335328,1.0482165353372561,4.229528228119672,1.1097616487583302,1.1126087040861843,0.21278251369423115,0.83276953673524
485,0.8245459490728387,6.751767632589626,1.2912518870879544,5.225700375880325,1.2504631712416372,1.1126087040861843,0.21278251369423115,0.83276953673524
486,0.8912859425279189,8.154938633578748,1.5596034213126841,6.326871041754573,1.3919139667332097,1.1126087040861843,0.21278251369423115,0.83276953673524
487,0.9583066803518141,9.690484257302689,1.8532711380114444,7.5328637670087435,1.5339040282036829,1.1126087040861843,0.21278251369423115,0.83276953673524
488,1.0255746073366103,11.358404503761458,2.1722550371842364,8.843543369294025,1.676280172239564,1.1126087040861843,0.21278251369423115,0.83276953673524
489,1.0930615470985139,13.158699372955049,2.516555118831059,10.258806722682403,1.8189297351210243,1.1126087040861843,0.21278251369423115,0.83276953673524
490,0.36258375328668624,0.000661873113674113,0.00012658091237015534,0.0004796333703774192,0.011061471166468953,1.721531968666368,0.329236953074774,1.3000372474767117
491,0.45269056440960953,0.08008664675456767,0.015316290396788793,0.0582465753057648,0.13813252139950774,1.721531968666368,0.329236953074774,1.3000372474767117
492,0.5452848728225689,0.2918860431302838,0.0558221823552385,0.2140524367821336,0.2895456805753117,1.721531968666368,0.329236953074774,1.3000372474767117
493,0.6398486776890413,0.6360600622408228,0.12164425678771931,0.4712771210713568,0.4588582376178673,1.721531968666368,0.329236953074774,1.3000372474767117
494,0.7360078175044584,1.1126087040861843,0.21278251369423115,0.83276953673524,0.6413211479027885,1.721531968666368,0.329236953074774,1.3000372474767117
495,0.9320609560866192,2.4628298559813744,0.47100757492934797,1.8735277722847603,1.0328424576479764,1.721531968666368,0.329236953074774,1.3000372474767117
496,1.031574073394703,3.3365023660312034,0.6380943792579529,2.553141119775182,1.2375793094850578,1.721531968666368,0.329236953074774,1.3000372474767117
497,1.131889394605053,4.342549498815855,0.830497366060589,3.3385814438140367,1.4463614617079519,1.721531968666368,0.329236953074774,1.3000372474767117
498,1.2328992935992316,5.480971254335328,1.0482165353372561,4.229528228119672,1.6582058507205375,1.721531968666368,0.329236953074774,1.3000372474767117
499,1.3345155883446482,6.751767632589626,1.2912518870879544,5.225700375880325,1.872380937651156,1.721531968666368,0.329236953074774,1.3000372474767117
500,1.4366651864720614,8.154938633578748,1.5596034213126841,6.326871041754573,2.0883377423631817,1.721531968666368,0.329236953074774,1.3000372474767117
501,1.5392868802444042,9.690484257302689,1.8532711380114444,7.5328637670087435,2.3056609145499163,1.721531968666368,0.329236953074774,1.3000372474767117
502,1.6423289451346268,11.358404503761458,2.1722550371842364,8.843543369294025,2.524033780949432,1.721531968666368,0.329236953074774,1.3000372474767117
503,1.7457473119967475,13.158699372955049,2.516555118831059,10.258806722682403,2.743213174456464,1.721531968666368,0.329236953074774,1.3000372474767117
504,0.6179364963288919,0.000661873113674113,0.00012658091237015534,0.0004796333703774192,0.015785917779099816,2.4628298559813744,0.47100757492934797,1.8735277722847603
505,0.7464562798543085,0.08008664675456767,0.015316290396788793,0.0582465753057648,0.19370005594284886,2.4628298559813744,0.47100757492934797,1.8735277722847603
506,0.8780809408351824,0.2918860431302838,0.0558221823552385,0.2140524367821336,0.4023050451796415,2.4628298559813744,0.47100757492934797,1.8735277722847603
507,1.012246297974075,0.6360600622408228,0.12164425678771931,0.4712771210713568,0.6346649913456774,2.4628298559813744,0.47100757492934797,1.8735277722847603
508,1.1485266544869286,1.1126087040861843,0.21278251369423115,0.83276953673524,0.8853720399681771,2.4628298559813744,0.47100757492934797,1.8735277722847603
509,1.2865927733237972,1.721531968666368,0.329236953074774,1.3000372474767117,1.150270680134073,2.4628298559813744,0.47100757492934797,1.8735277722847603
510,1.567094079787241,3.3365023660312034,0.6380943792579529,2.553141119775182,1.7106872287197747,2.4628298559813744,0.47100757492934797,1.8735277722847603
511,1.7091506690682017,4.342549498815855,0.830497366060589,3.3385814438140367,2.0019179676794714,2.4628298559813744,0.47100757492934797,1.8735277722847603
512,1.8522143427406355,5.480971254335328,1.0482165353372561,4.229528228119672,2.2984451818009575,2.4628298559813744,0.47100757492934797,1.8735277722847603
513,1.9961681387998185,6.751767632589626,1.2912518870879544,5.225700375880325,2.599160691704563,2.4628298559813744,0.47100757492934797,1.8735277722847603
514,2.1409135382343547,8.154938633578748,1.5596034213126841,6.326871041754573,2.903201801898216,2.4628298559813744,0.47100757492934797,1.8735277722847603
515,2.286366832744249,9.690484257302689,1.8532711380114444,7.5328637670087435,3.2098929210889655,2.4628298559813744,0.47100757492934797,1.8735277722847603
516,2.432456341521257,11.358404503761458,2.1722550371842364,8.843543369294025,3.518701871424645,2.4628298559813744,0.47100757492934797,1.8735277722847603
517,2.5791202494449212,13.158699372955049,2.516555118831059,10.258806722682403,3.8292070631329334,2.4628298559813744,0.47100757492934797,1.8735277722847603
518,0.9715683191338358,0.000661873113674113,0.00012658091237015534,0.0004796333703774192,0.021348141389130743,3.3365023660312034,0.6380943792579529,2.553141119775182
519,1.1452926832909982,0.08008664675456767,0.015316290396788793,0.0582465753057648,0.258488955859,3.3365023660312034,0.6380943792579529,2.553141119775182
520,1.3227461287288251,0.2918860431302838,0.0558221823552385,0.2140524367821336,0.5327335951759198,3.3365023660312034,0.6380943792579529,2.553141119775182
521,1.5033275263087489,0.6360600622408228,0.12164425678771931,0.4712771210713568,0.8367762197802431,3.3365023660312034,0.6380943792579529,2.553141119775182
522,1.6865679941854386,1.1126087040861843,0.21278251369423115,0.83276953673524,1.1646878452341922,3.3365023660312034,0.6380943792579529,2.553141119775182
523,1.8720945963228148,1.721531968666368,0.329236953074774,1.3000372474767117,1.5117233244124118,3.3365023660312034,0.6380943792579529,2.553141119775182
524,2.0596058106824913,2.4628298559813744,0.47100757492934797,1.8735277722847603,1.8741098996365755,3.3365023660312034,0.6380943792579529,2.553141119775182
525,2.439635272594027,4.342549498815855,0.830497366060589,3.3385814438140367,2.6335809032440007,3.3365023660312034,0.6380943792579529,2.553141119775182
526,2.63177629678211,5.480971254335328,1.0482165353372561,4.229528228119672,3.0263989925079313,3.3365023660312034,0.6380943792579529,2.553141119775182
527,2.825131824489483,6.751767632589626,1.2912518870879544,5.225700375880325,3.4257997420911157,3.3365023660312034,0.6380943792579529,2.553141119775182
528,3.0195775001065246,8.154938633578748,1.5596034213126841,6.326871041754573,3.8305739369467027,3.3365023660312034,0.6380943792579529,2.553141119775182
529,3.2150063659257935,9.690484257302689,1.8532711380114444,7.5328637670087435,4.239748443508055,3.3365023660312034,0.6380943792579529,2.553141119775182
530,3.411325803942002,11.358404503761458,2.1722550371842364,8.843543369294025,4.652536686935304,3.3365023660312034,0.6380943792579529,2.553141119775182
531,3.6084551192184646,13.158699372955049,2.516555118831059,10.258806722682403,5.068300095135144,3.3365023660312034,0.6380943792579529,2.553141119775182
532,1.439479221674786,0.000661873113674113,0.00012658091237015534,0.0004796333703774192,0.02774814186377695,4.342549498815855,0.830497366060589,3.3385814438140367
533,1.6651994957046212,0.08008664675456767,0.015316290396788793,0.0582465753057648,0.3324970434511867,4.342549498815855,0.830497366060589,3.3385814438140367
534,1.8952777023431262,0.2918860431302838,0.0558221823552385,0.2140524367821336,0.6808039079346899,4.342549498815855,0.830497366060589,3.3385814438140367
535,2.129082517374316,0.6360600622408228,0.12164425678771931,0.4712771210713568,1.0650769990142124,4.342549498815855,0.830497366060589,3.3385814438140367
536,2.3661084738649913,1.1126087040861843,0.21278251369423115,0.83276953673524,1.4789690341359412,4.342549498815855,0.830497366060589,3.3385814438140367
537,2.6059444180412585,1.721531968666368,0.329236953074774,1.3000372474767117,1.9172412626049968,4.342549498815855,0.830497366060589,3.3385814438140367
538,2.848251367225835,2.4628298559813744,0.47100757492934797,1.8735277722847603,2.375600061798257,4.342549498815855,0.830497366060589,3.3385814438140367
539,3.09274655929047,3.3365023660312034,0.6380943792579529,2.553141119775182,2.850537884837499,4.342549498815855,0.830497366060589,3.3385814438140367
540,3.587384177731719,5.480971254335328,1.0482165353372561,4.229528228119672,3.8392227655239735,4.342549498815855,0.830497366060589,3.3385814438140367
541,3.837150273306617,6.751767632589626,1.2912518870879544,5.225700375880325,4.348717056190338,4.342549498815855,0.830497366060589,3.3385814438140367
542,4.088340012467049,8.154938633578748,1.5596034213126841,6.326871041754573,4.866104230543364,4.342549498815855,0.830497366060589,3.3385814438140367
543,4.340823047786692,9.690484257302689,1.8532711380114444,7.5328637670087435,5.390092087793655,4.342549498815855,0.830497366060589,3.3385814438140367
544,4.594485421214347,11.358404503761458,2.1722550371842364,8.843543369294025,5.919613894049309,4.342549498815855,0.830497366060589,3.3385814438140367
545,4.849226962519624,13.158699372955049,2.516555118831059,10.258806722682403,6.453786101351021,4.342549498815855,0.830497366060589,3.3385814438140367
546,2.0376692039366557,0.000661873113674113,0.00012658091237015534,0.0004796333703774192,0.034985919128901866,5.480971254335328,1.0482165353372561,4.229528228119672
547,2.3221765528860154,0.08008664675456767,0.015316290396788793,0.0582465753057648,0.41572310118341105,5.480971254335328,1.0482165353372561,4.229528228119672
548,2.6116739937462126,0.2918860431302838,0.0558221823552385,0.2140524367821336,0.8465002178398214,5.480971254335328,1.0482165353372561,4.229528228119672
549,2.9055050819206336,0.6360600622408228,0.12164425678771931,0.4712771210713568,1.319498976716873,5.480971254335328,1.0482165353372561,4.229528228119672
550,3.2031330246020224,1.1126087040861843,0.21278251369423115,0.83276953673524,1.828031217336281,5.480971254335328,1.0482165353372561,4.229528228119672
551,3.5041130864405905,1.721531968666368,0.329236953074774,1.3000372474767117,2.3664428596989566,5.480971254335328,1.0482165353372561,4.229528228119672
552,3.8080726072725586,2.4628298559813744,0.47100757492934797,1.8735277722847603,2.9299874517517686,5.480971254335328,1.0482165353372561,4.229528228119672
553,4.1146962136657,3.3365023660312034,0.6380943792579529,2.553141119775182,3.5146957359377384,5.480971254335328,1.0482165353372561,4.229528228119672
554,4.42371466716343,4.342549498815855,0.830497366060589,3.3385814438140367,4.117253983786735,5.480971254335328,1.0482165353372561,4.229528228119672
555,5.048040449718881,6.751767632589626,1.2912518870879544,5.225700375880325,5.365312262904142,5.480971254335328,1.0482165353372561,4.229528228119672
556,5.362972060348376,8.154938633578748,1.5596034213126841,6.326871041754573,6.006568861519176,5.480971254335328,1.0482165353372561,4.229528228119672
557,5.679537674757826,9.690484257302689,1.8532711380114444,7.5328637670087435,6.657045762559042,5.480971254335328,1.0482165353372561,4.229528228119672
558,5.997601995476073,11.358404503761458,2.1722550371842364,8.843543369294025,7.315381540434058,5.480971254335328,1.0482165353372561,4.229528228119672
559,6.317045173038837,13.158699372955049,2.516555118831059,10.258806722682403,7.98042945396517,5.480971254335328,1.0482165353372561,4.229528228119672
560,2.7821382659103038,0.000661873113674113,0.00012658091237015534,0.0004796333703774192,0.04306147313986014,6.751767632589626,1.2912518870879544,5.225700375880325
561,3.1322237518772034,0.08008664675456767,0.015316290396788793,0.0582465753057648,0.5081663969969009,6.751767632589626,1.2912518870879544,5.225700375880325
562,3.487933927268703,0.2918860431302838,0.0558221823552385,0.2140524367821336,1.0298128632998358,6.751767632589626,1.2912518870879544,5.225700375880325
563,3.848591131266262,0.6360600622408228,0.12164425678771931,0.4712771210713568,1.5999992110656185,6.751767632589626,1.2912518870879544,5.225700375880325
564,4.213631481946967,1.1126087040861843,0.21278251369423115,0.83276953673524,2.2117554850676013,6.751767632589626,1.2912518870879544,5.225700375880325
565,4.582580574122707,1.721531968666368,0.329236953074774,1.3000372474767117,2.859075592547966,6.751767632589626,1.2912518870879544,5.225700375880325
566,4.9550354170563695,2.4628298559813744,0.47100757492934797,1.8735277722847603,3.5368191782675615,6.751767632589626,1.2912518870879544,5.225700375880325
567,5.330650758567995,3.3365023660312034,0.6380943792579529,2.553141119775182,4.240604863307891,6.751767632589626,1.2912518870879544,5.225700375880325
568,5.7091285616905845,4.342549498815855,0.830497366060589,3.3385814438140367,4.96670644167162,6.751767632589626,1.2912518870879544,5.225700375880325
569,6.090209791252096,5.480971254335328,1.0482165353372561,4.229528228119672,5.7119576762593365,6.751767632589626,1.2912518870879544,5.225700375880325
570,6.859303748951024,8.154938633578748,1.5596034213126841,6.326871041754573,7.249548927839245,6.751767632589626,1.2912518870879544,5.225700375880325
571,7.246941197089275,9.690484257302689,1.8532711380114444,7.5328637670087435,8.037652206371035,6.751767632589626,1.2912518870879544,5.225700375880325
572,7.636423905555284,11.358404503761458,2.1722550371842364,8.843543369294025,8.836315920976157,6.751767632589626,1.2912518870879544,5.225700375880325
573,8.027612420805667,13.158699372955049,2.516555118831059,10.258806722682403,9.644120101184225,6.751767632589626,1.2912518870879544,5.225700375880325
574,3.688886407589963,0.000661873113674113,0.00012658091237015534,0.0004796333703774192,0.051974803868160856,8.154938633578748,1.5596034213126841,6.326871041754573
575,4.1113410248429485,0.08008664675456767,0.015316290396788793,0.0582465753057648,0.6098264651053342,8.154938633578748,1.5596034213126841,6.326871041754573
576,4.540056777886181,0.2918860431302838,0.0558221823552385,0.2140524367821336,1.2307356142013293,8.154938633578748,1.5596034213126841,6.326871041754573
577,4.974337854703635,0.6360600622408228,0.12164425678771931,0.4712771210713568,1.9065494900437736,8.154938633578748,1.5596034213126841,6.326871041754573
578,5.413596736568076,1.1126087040861843,0.21278251369423115,0.83276953673524,2.6300621130020683,8.154938633578748,1.5596034213126841,6.326871041754573
579,5.857332656639372,1.721531968666368,0.329236953074774,1.3000372474767117,3.3949666572739012,8.154938633578748,1.5596034213126841,6.326871041754573
580,6.305115231995991,2.4628298559813744,0.47100757492934797,1.8735277722847603,4.195779096117089,8.154938633578748,1.5596034213126841,6.326871041754573
581,6.756571826016847,3.3365023660312034,0.6380943792579529,2.553141119775182,5.0277507945904185,8.154938633578748,1.5596034213126841,6.326871041754573
582,7.211377652715834,4.342549498815855,0.830497366060589,3.3385814438140367,5.886780266657403,8.154938633578748,1.5596034213126841,6.326871041754573
583,7.669247930827032,5.480971254335328,1.0482165353372561,4.229528228119672,6.7693296398557115,8.154938633578748,1.5596034213126841,6.326871041754573
584,8.12993159329333,6.751767632589626,1.2912518870879544,5.225700375880325,7.67234851262182,8.154938633578748,1.5596034213126841,6.326871041754573
585,9.058873739128606,9.690484257302689,1.8532711380114444,7.5328637670087435,9.529632340755917,8.154938633578748,1.5596034213126841,6.326871041754573
586,9.526757267201273,11.358404503761458,2.1722550371842364,8.843543369294025,10.479665521458225,8.154938633578748,1.5596034213126841,6.326871041754573
587,9.99669798992631,13.158699372955049,2.516555118831059,10.258806722682403,11.441608933776934,8.154938633578748,1.5596034213126841,6.326871041754573
588,4.773913628971634,0.000661873113674113,0.00012658091237015534,0.0004796333703774192,0.06172591129476744,9.690484257302689,1.8532711380114444,7.5328637670087435
589,5.275528325268127,0.08008664675456767,0.015316290396788793,0.0582465753057648,0.7207029954086558,9.690484257302689,1.8532711380114444,7.5328637670087435
590,5.784042039027828,0.2918860431302838,0.0558221823552385,0.2140524367821336,1.4492642829311169,9.690484257302689,1.8532711380114444,7.5328637670087435
591,6.298743255818459,0.6360600622408228,0.12164425678771931,0.4712771210713568,2.239130577312835,9.690484257302689,1.8532711380114444,7.5328637670087435
592,6.819023664545346,1.1126087040861843,0.21278251369423115,0.83276953673524,3.0828958606373362,9.690484257302689,1.8532711380114444,7.5328637670087435
593,7.344358947177259,1.721531968666368,0.329236953074774,1.3000372474767117,3.9739943252464003,9.690484257302689,1.8532711380114444,7.5328637670087435
594,7.874293902188696,2.4628298559813744,0.47100757492934797,1.8735277722847603,4.906640835570732,9.690484257302689,1.8532711380114444,7.5328637670087435
595,8.408430762202126,3.3365023660312034,0.6380943792579529,2.553141119775182,5.875759274470771,9.690484257302689,1.8532711380114444,7.5328637670087435
596,8.946419905846435,4.342549498815855,0.830497366060589,3.3385814438140367,6.876907634363156,9.690484257302689,1.8532711380114444,7.5328637670087435
597,9.487952391132001,5.480971254335328,1.0482165353372561,4.229528228119672,7.906205044068055,9.690484257302689,1.8532711380114444,7.5328637670087435
598,10.032753893189167,6.751767632589626,1.2912518870879544,5.225700375880325,8.960263562231823,9.690484257302689,1.8532711380114444,7.5328637670087435
599,10.580579737776695,8.154938633578748,1.5596034213126841,6.326871041754573,10.036126083848238,9.690484257302689,1.8532711380114444,7.5328637670087435
600,11.684450085927223,11.358404503761458,2.1722550371842364,8.843543369294025,12.243262110797538,9.690484257302689,1.8532711380114444,7.5328637670087435
601,12.240119881392884,13.158699372955049,2.516555118831059,10.258806722682403,13.370307623879894,9.690484257302689,1.8532711380114444,7.5328637670087435
602,6.053219930052579,0.000661873113674113,0.00012658091237015534,0.0004796333703774192,0.07231479540647674,11.358404503761458,2.1722550371842364,8.843543369294025
603,6.640785620190781,0.08008664675456767,0.015316290396788793,0.0582465753057648,0.8407957736555722,11.358404503761458,2.1722550371842364,8.843543369294025
604,7.235889346023591,0.2918860431302838,0.0558221823552385,0.2140524367821336,1.6853959560752363,11.358404503761458,2.1722550371842364,8.843543369294025
605,7.837805877229483,0.6360600622408228,0.12164425678771931,0.4712771210713568,2.5977289394704752,11.358404503761458,2.1722550371842364,8.843543369294025
606,8.445908478416646,1.1126087040861843,0.21278251369423115,0.83276953673524,3.57021735946146,11.358404503761458,2.1722550371842364,8.843543369294025
607,9.059651681139092,1.721531968666368,0.329236953074774,1.3000372474767117,4.596070662193527,11.358404503761458,2.1722550371842364,8.843543369294025
608,9.67855772034564,2.4628298559813744,0.47100757492934797,1.8735277722847603,5.669238637630657,11.358404503761458,2.1722550371842364,8.843543369294025
609,10.302205723940693,3.3365023660312034,0.6380943792579529,2.553141119775182,6.784352582974963,11.358404503761458,2.1722550371842364,8.843543369294025
610,10.930223001700138,4.342549498815855,0.830497366060589,3.3385814438140367,7.936661720383699,11.358404503761458,2.1722550371842364,8.843543369294025
611,11.562277956369591,5.480971254335328,1.0482165353372561,4.229528228119672,9.121969602332259,11.358404503761458,2.1722550371842364,8.843543369294025
612,12.198074263237446,6.751767632589626,1.2912518870879544,5.225700375880325,10.33657330092392,11.358404503761458,2.1722550371842364,8.843543369294025
613,12.837346052327906,8.154938633578748,1.5596034213126841,6.326871041754573,11.577206902319547,11.358404503761458,2.1722550371842364,8.843543369294025
614,13.479853890866565,9.690484257302689,1.8532711380114444,7.5328637670087435,12.840990005620501,11.358404503761458,2.1722550371842364,8.843543369294025
615,14.773732456261877,13.158699372955049,2.516555118831059,10.258806722682403,15.428137865153305,11.358404503761458,2.1722550371842364,8.843543369294025
616,7.542805310830821,0.000661873113674113,0.00012658091237015534,0.0004796333703774192,0.0837414561938436,13.158699372955049,2.516555118831059,10.258806722682403
617,8.223112885600381,0.08008664675456767,0.015316290396788793,0.0582465753057648,0.9701046471692398,13.158699372955049,2.516555118831059,10.258806722682403
618,8.911598429648295,0.2918860431302838,0.0558221823552385,0.2140524367821336,1.9391285469530928,13.158699372955049,2.516555118831059,10.258806722682403
619,9.607524630010955,0.6360600622408228,0.12164425678771931,0.4712771210713568,2.9823347975298407,13.158699372955049,2.516555118831059,10.258806722682403
620,10.310248317504866,1.1126087040861843,0.21278251369423115,0.83276953673524,4.09199786205719,13.158699372955049,2.516555118831059,10.258806722682403
621,11.019204936077141,1.721531968666368,0.329236953074774,1.3000372474767117,5.261130733632946,13.158699372955049,2.516555118831059,10.258806722682403
622,11.733896137119986,2.4628298559813744,0.47100757492934797,1.8735277722847603,6.483448695822935,13.158699372955049,2.516555118831059,10.258806722682403
623,12.453879761505098,3.3365023660312034,0.6380943792579529,2.553141119775182,7.753320932202212,13.158699372955049,2.516555118831059,10.258806722682403
624,13.17876167027071,4.342549498815855,0.830497366060589,3.3385814438140367,9.065716524933698,13.158699372955049,2.516555118831059,10.258806722682403
625,13.908189023667473,5.480971254335328,1.0482165353372561,4.229528228119672,10.41614909270162,13.158699372955049,2.516555118831059,10.258806722682403
626,14.641844707168366,6.751767632589626,1.2912518870879544,5.225700375880325,11.800622731016974,13.158699372955049,2.516555118831059,10.258806722682403
627,15.379442674648887,8.154938633578748,1.5596034213126841,6.326871041754573,13.215580833487012,13.158699372955049,2.516555118831059,10.258806722682403
628,16.120724031529374,9.690484257302689,1.8532711380114444,7.5328637670087435,14.657858643928758,13.158699372955049,2.516555118831059,10.258806722682403
629,16.86545371979392,11.358404503761458,2.1722550371842364,8.843543369294025,16.12463990935598,13.158699372955049,2.516555118831059,10.258806722682403
